,date,steps,distance,runDistance,calories
0,2016-04-27,21677,15214,1035,990
1,2016-04-28,2269,1532,147,56
2,2016-04-29,10836,8134,148,279
3,2016-04-30,1977,1402,131,46
4,2016-05-01,4989,3448,2768,183
5,2016-05-02,7139,5182,305,181
6,2016-05-03,27531,21264,15784,761
7,2016-05-04,17688,12093,904,391
8,2016-05-05,6929,5394,2059,230
9,2016-05-06,7636,5991,2660,269
10,2016-05-07,17218,12160,88,373
11,2016-05-08,4162,2744,326,93
12,2016-05-09,8670,6028,588,211
13,2016-05-10,4801,3277,285,117
14,2016-05-11,2922,1894,1613,110
15,2016-05-12,6955,5191,156,186
16,2016-05-13,15986,11509,1616,721
17,2016-05-14,10766,7991,167,277
18,2016-05-15,26052,18538,309,605
19,2016-05-16,28614,21517,195,724
20,2016-05-17,8765,5924,666,196
21,2016-05-18,6604,4434,342,144
22,2016-05-19,4705,3292,177,120
23,2016-05-20,2792,2039,213,87
24,2016-05-21,11702,8894,180,313
25,2016-05-22,6404,4154,543,143
26,2016-05-23,6357,4302,460,153
27,2016-05-24,17788,12788,163,399
28,2016-05-25,24162,17362,12956,652
29,2016-05-26,8741,5898,485,198
30,2016-05-27,20871,14776,515,477
31,2016-05-28,9879,7038,475,239
32,2016-05-29,8660,6181,4954,285
33,2016-05-30,9948,7755,130,266
34,2016-05-31,8430,5836,421,200
35,2016-06-01,3586,2401,172,91
36,2016-06-02,8577,6527,286,637
37,2016-06-03,13955,9436,435,301
38,2016-06-04,25246,17441,590,550
39,2016-06-05,0,0,0,0
40,2016-06-06,8411,6359,168,233
41,2016-06-07,2410,1687,188,61
42,2016-06-08,18336,13278,736,432
43,2016-06-09,3561,2471,181,91
44,2016-06-10,6464,4670,101,155
45,2016-06-11,11009,8222,278,278
46,2016-06-12,10228,6684,678,224
47,2016-06-13,7344,5333,331,432
48,2016-06-14,351,227,70,11
49,2016-06-15,22522,16236,336,515
50,2016-06-16,3421,2943,2108,163
51,2016-06-17,1772,1174,153,43
52,2016-06-18,17991,12369,225,428
53,2016-06-19,355,229,103,20
54,2016-06-20,8603,5989,622,205
55,2016-06-21,2254,1560,111,63
56,2016-06-22,8310,5714,4377,259
57,2016-06-23,15274,11166,4765,651
58,2016-06-24,12752,10547,8026,864
59,2016-06-25,25469,19348,285,672
60,2016-06-26,22108,15701,203,938
61,2016-06-27,7470,5084,497,165
62,2016-06-28,8378,5963,461,200
63,2016-06-29,8293,5948,301,202
64,2016-06-30,416,269,62,13
65,2016-07-01,17925,12914,438,428
66,2016-07-02,16011,11113,278,790
67,2016-07-03,9217,7328,2578,306
68,2016-07-04,7644,5372,0,366
69,2016-07-05,5090,3815,179,139
70,2016-07-06,3654,2528,166,82
71,2016-07-07,19682,14068,640,466
72,2016-07-08,10422,7135,607,233
73,2016-07-09,6422,4373,3540,252
74,2016-07-10,5164,3535,378,124
75,2016-07-11,7171,4855,515,171
76,2016-07-12,15682,11175,133,667
77,2016-07-13,16030,11733,142,387
78,2016-07-14,2557,1689,237,73
79,2016-07-15,493,319,111,15
80,2016-07-16,9320,7320,161,256
81,2016-07-17,16910,12835,1451,457
82,2016-07-18,2316,1497,260,66
83,2016-07-19,19223,13597,1732,438
84,2016-07-20,9283,6382,467,214
85,2016-07-21,1066,798,31,29
86,2016-07-22,8073,5690,337,198
87,2016-07-23,0,0,0,0
88,2016-07-24,4279,2971,256,118
89,2016-07-25,3530,2424,0,222
90,2016-07-26,10398,7728,64,500
91,2016-07-27,15212,10782,594,348
92,2016-07-28,10541,7986,87,277
93,2016-07-29,6003,4334,260,164
94,2016-07-30,4144,3046,160,112
95,2016-07-31,15581,11600,366,402
96,2016-08-01,6958,4669,676,158
97,2016-08-02,10692,8152,316,289
98,2016-08-03,31239,22425,16631,866
99,2016-08-04,6356,4759,313,167
100,2016-08-05,12331,9083,421,324
101,2016-08-06,2123,1387,265,62
102,2016-08-07,1891,1314,198,59
103,2016-08-08,6938,4801,313,158
104,2016-08-09,1254,883,87,29
105,2016-08-10,5484,3986,193,154
106,2016-08-11,22002,16204,286,542
107,2016-08-12,7721,5889,372,204
108,2016-08-13,12424,10207,2968,587
109,2016-08-14,10307,7624,5727,311
110,2016-08-15,15858,10815,324,335
111,2016-08-16,383,248,59,11
112,2016-08-17,0,0,0,0
113,2016-08-18,3929,2690,505,92
114,2016-08-19,14187,10112,2132,343
115,2016-08-20,19549,14417,400,468
116,2016-08-21,2093,1362,195,49
117,2016-08-22,19099,15005,275,554
118,2016-08-23,2832,2100,66,71
119,2016-08-24,5230,3420,99,119
120,2016-08-25,28293,21473,485,724
121,2016-08-26,5206,4096,93,142
122,2016-08-27,10393,9389,7682,530
123,2016-08-28,2719,1903,188,65
124,2016-08-29,3102,2187,175,81
125,2016-08-30,4318,2923,303,102
126,2016-08-31,21099,15291,1183,499
127,2016-09-01,4022,2804,261,99
128,2016-09-02,542,350,66,16
129,2016-09-03,9159,6433,399,455
130,2016-09-04,8010,5960,305,216
131,2016-09-05,8648,5898,579,201
132,2016-09-06,21642,15753,356,523
133,2016-09-07,7292,5092,381,175
134,2016-09-08,11187,8103,377,282
135,2016-09-09,11177,8691,194,310
136,2016-09-10,923,597,136,27
137,2016-09-11,4860,3423,219,114
138,2016-09-12,1097,713,163,32
139,2016-09-13,10019,6999,383,242
140,2016-09-14,3347,2369,165,91
141,2016-09-15,6426,4465,349,153
142,2016-09-16,24865,17352,578,1024
143,2016-09-17,665,430,62,19
144,2016-09-18,1755,1200,196,56
145,2016-09-19,529,342,78,17
146,2016-09-20,4675,3316,263,466
147,2016-09-21,27465,19750,205,1168
148,2016-09-22,4015,2852,356,107
149,2016-09-23,3887,2825,63,96
150,2016-09-24,14459,10492,944,350
151,2016-09-25,2884,1876,225,63
152,2016-09-26,9357,6969,228,241
153,2016-09-27,7587,5192,483,173
154,2016-09-28,10783,7216,183,227
155,2016-09-29,7781,5574,39,182
156,2016-09-30,3674,2514,126,87
157,2016-10-01,2541,1836,162,68
158,2016-10-02,16682,12410,1538,440
159,2016-10-03,7076,4908,456,170
160,2016-10-04,1494,1045,99,48
161,2016-10-05,0,0,0,0
162,2016-10-06,3275,2295,203,75
163,2016-10-07,5054,3363,395,117
164,2016-10-08,11587,8409,1856,295
165,2016-10-09,5692,3756,495,130
166,2016-10-10,11777,8557,58,464
167,2016-10-11,9083,6098,236,199
168,2016-10-12,6755,4739,569,168
169,2016-10-13,10861,8092,73,266
170,2016-10-14,2585,1671,0,165
171,2016-10-15,9281,6320,601,218
172,2016-10-16,4105,2939,197,106
173,2016-10-17,1745,1290,26,48
174,2016-10-18,10475,7917,305,285
175,2016-10-19,3689,2503,240,88
176,2016-10-20,1414,982,154,46
177,2016-10-21,3157,2344,60,81
178,2016-10-22,16310,11830,4583,418
179,2016-10-23,13826,9991,930,338
180,2016-10-24,17162,12702,988,415
181,2016-10-25,8453,5868,547,207
182,2016-10-26,7871,5787,411,203
183,2016-10-27,1763,1191,190,45
184,2016-10-28,6252,4634,305,162
185,2016-10-29,12282,8976,477,318
186,2016-10-30,4660,3372,2674,179
187,2016-10-31,1363,881,255,355
188,2016-11-01,16773,11737,166,377
189,2016-11-02,4145,2723,264,89
190,2016-11-03,2522,1630,0,204
191,2016-11-04,1542,1117,57,39
192,2016-11-05,6304,4897,160,177
193,2016-11-06,22507,16126,4240,549
194,2016-11-07,8568,6493,219,221
195,2016-11-08,14249,10213,7807,460
196,2016-11-09,2681,1737,199,66
197,2016-11-10,11100,7960,541,279
198,2016-11-11,15063,11494,296,413
199,2016-11-12,13996,10019,551,354
200,2016-11-13,4904,3473,390,120
201,2016-11-14,14455,10718,232,350
202,2016-11-15,2957,1930,1637,130
203,2016-11-16,4917,3334,2721,174
204,2016-11-17,6714,4706,223,162
205,2016-11-18,7126,5318,0,345
206,2016-11-19,26745,19494,1056,675
207,2016-11-20,10243,6956,504,233
208,2016-11-21,6532,4544,595,152
209,2016-11-22,5918,4090,350,141
210,2016-11-23,37126,26491,500,828
211,2016-11-24,13856,10471,7911,416
212,2016-11-25,1540,1008,131,35
213,2016-11-26,5912,4146,183,143
214,2016-11-27,2490,1609,277,60
215,2016-11-28,17816,13346,198,436
216,2016-11-29,12689,9375,190,303
217,2016-11-30,2188,1414,241,68
218,2016-12-01,8713,6518,355,226
219,2016-12-02,4242,3060,218,110
220,2016-12-03,63,41,0,2
221,2016-12-04,10453,7404,726,264
222,2016-12-05,17119,12351,169,800
223,2016-12-06,1934,1358,172,47
224,2016-12-07,11154,7679,324,251
225,2016-12-08,3550,2382,156,82
226,2016-12-09,7680,5778,2043,249
227,2016-12-10,11376,7955,1894,281
228,2016-12-11,8501,6015,22,421
229,2016-12-12,2163,1425,167,49
230,2016-12-13,698,453,86,15
231,2016-12-14,13357,10234,326,374
232,2016-12-15,2953,1909,1668,138
233,2016-12-16,7494,5318,418,181
234,2016-12-17,19299,13717,417,444
235,2016-12-18,2760,1865,243,72
236,2016-12-19,10103,7099,1028,256
237,2016-12-20,4327,3069,415,108
238,2016-12-21,12705,8810,647,299
239,2016-12-22,13189,9561,271,323
240,2016-12-23,13372,9678,360,335
241,2016-12-24,7178,4826,456,162
242,2016-12-25,10819,7455,349,242
243,2016-12-26,2269,1653,126,59
244,2016-12-27,8271,6283,191,215
245,2016-12-28,0,0,0,0
246,2016-12-29,20915,15347,258,483
247,2016-12-30,19022,13515,763,442
248,2016-12-31,12287,9000,301,313
249,2017-01-01,11051,7398,11,483
250,2017-01-02,7021,5596,93,195
251,2017-01-03,5822,3983,423,145
252,2017-01-04,3136,2256,406,75
253,2017-01-05,18547,13908,517,496
254,2017-01-06,1888,1297,92,45
255,2017-01-07,7802,5555,737,198
256,2017-01-08,25523,18991,280,625
257,2017-01-09,272,176,55,7
258,2017-01-10,4002,2746,408,124
259,2017-01-11,10712,7796,340,261
260,2017-01-12,26254,18549,398,582
261,2017-01-13,4337,3314,165,128
262,2017-01-14,15605,11831,358,396
263,2017-01-15,322,208,48,9
264,2017-01-16,2269,1595,164,62
265,2017-01-17,2870,1908,174,66
266,2017-01-18,2800,1913,168,65
267,2017-01-19,2514,1741,203,76
268,2017-01-20,1528,1080,76,35
269,2017-01-21,443,286,0,11
270,2017-01-22,3548,2468,299,87
271,2017-01-23,3245,2145,1863,144
272,2017-01-24,9992,7385,248,253
273,2017-01-25,1805,1295,99,45
274,2017-01-26,20232,14693,11220,628
275,2017-01-27,9807,7387,378,266
276,2017-01-28,12307,8289,42,281
277,2017-01-29,9951,7285,5589,344
278,2017-01-30,10193,7430,392,264
279,2017-01-31,30386,21052,567,1104
280,2017-02-01,20188,14165,1510,455
281,2017-02-02,9013,6983,250,264
282,2017-02-03,1945,1344,194,58
283,2017-02-04,19452,14814,0,495
284,2017-02-05,4371,3068,362,115
285,2017-02-06,3867,2591,305,90
286,2017-02-07,7404,5374,145,358
287,2017-02-08,9447,6852,774,243
288,2017-02-09,18029,13011,275,412
289,2017-02-10,7209,4816,576,157
290,2017-02-11,12115,8832,302,297
291,2017-02-12,13506,8932,0,290
292,2017-02-13,19962,16986,12764,1195
293,2017-02-14,34,22,7,1
294,2017-02-15,4607,3234,225,115
295,2017-02-16,7248,4939,802,171
296,2017-02-17,7573,5187,511,181
297,2017-02-18,531,343,48,13
298,2017-02-19,2326,1623,152,617
299,2017-02-20,2147,1472,267,50
300,2017-02-21,12264,9503,234,325
301,2017-02-22,3367,2361,319,95
302,2017-02-23,3574,2399,1997,142
303,2017-02-24,8144,5571,4398,286
304,2017-02-25,364,235,43,11
305,2017-02-26,9926,7825,139,265
306,2017-02-27,2910,1982,216,72
307,2017-02-28,18924,13724,2281,453
308,2017-03-01,17939,12890,216,412
309,2017-03-02,11408,8276,424,286
310,2017-03-03,5282,4000,227,150
311,2017-03-04,3612,2582,163,88
312,2017-03-05,9072,6445,243,218
313,2017-03-06,2155,1454,150,56
314,2017-03-07,8596,5886,34,412
315,2017-03-08,12792,11262,8485,779
316,2017-03-09,2478,1757,1387,105
317,2017-03-10,3822,2722,242,104
318,2017-03-11,9761,7348,353,273
319,2017-03-12,7103,5134,618,188
320,2017-03-13,3582,2616,162,95
321,2017-03-14,8504,6791,138,241
322,2017-03-15,147,95,42,9
323,2017-03-16,10513,7298,1149,246
324,2017-03-17,9136,6569,461,224
325,2017-03-18,32210,23114,234,712
326,2017-03-19,7952,6148,131,231
327,2017-03-20,3726,2476,1944,150
328,2017-03-21,12626,9036,153,293
329,2017-03-22,2538,1777,228,67
330,2017-03-23,11925,8904,49,533
331,2017-03-24,6356,4511,3570,223
332,2017-03-25,9219,7068,176,245
333,2017-03-26,10055,7046,573,236
334,2017-03-27,13591,10147,294,357
335,2017-03-28,7792,5664,220,191
336,2017-03-29,2009,1303,169,47
337,2017-03-30,7737,5676,419,206
338,2017-03-31,6193,4454,183,157
339,2017-04-01,1506,1068,66,39
340,2017-04-02,3185,2211,120,79
341,2017-04-03,9773,6914,630,240
342,2017-04-04,2625,1769,224,73
343,2017-04-05,6161,5257,3075,264
344,2017-04-06,4795,3432,182,120
345,2017-04-07,433,280,94,19
346,2017-04-08,1698,1166,136,46
347,2017-04-09,2160,1396,0,60
348,2017-04-10,3755,2775,92,103
349,2017-04-11,2207,1427,0,61
350,2017-04-12,2458,1707,181,72
351,2017-04-13,13194,11189,8458,871
352,2017-04-14,5697,4157,209,138
353,2017-04-15,16828,11917,65,705
354,2017-04-16,4766,3359,383,117
355,2017-04-17,21404,14668,1072,476
356,2017-04-18,3135,2053,166,73
357,2017-04-19,23473,17310,859,579
358,2017-04-20,53,34,0,2
359,2017-04-21,10115,7149,584,259
360,2017-04-22,14399,10666,472,369
361,2017-04-23,263,170,44,7
362,2017-04-24,13637,9741,2870,344
363,2017-04-25,7766,5698,465,196
364,2017-04-26,1727,1116,282,57
365,2017-04-27,5995,4750,145,172
366,2017-04-28,10434,7586,434,272
367,2017-04-29,1749,1142,163,50
368,2017-04-30,10593,7664,223,745
369,2017-05-01,2332,1516,202,53
370,2017-05-02,5371,3722,268,140
371,2017-05-03,12813,9938,553,375
372,2017-05-04,13294,9576,1157,327
373,2017-05-05,10874,9122,7077,592
374,2017-05-06,21696,15552,444,918
375,2017-05-07,7514,5479,4309,255
376,2017-05-08,15502,11011,519,386
377,2017-05-09,7465,4988,542,164
378,2017-05-10,14795,10604,8149,1018
379,2017-05-11,7309,5259,479,661
380,2017-05-12,5206,3688,2888,165
381,2017-05-13,8935,6860,88,231
382,2017-05-14,4751,3268,441,116
383,2017-05-15,22493,16505,3457,555
384,2017-05-16,22217,15636,450,493
385,2017-05-17,2637,1798,174,61
386,2017-05-18,1231,796,0,37
387,2017-05-19,13611,10029,406,346
388,2017-05-20,9808,7429,249,254
389,2017-05-21,6769,4791,281,164
390,2017-05-22,2932,1906,293,67
391,2017-05-23,4489,3161,2551,171
392,2017-05-24,5282,3839,188,137
393,2017-05-25,5496,3803,311,136
394,2017-05-26,23843,17379,762,593
395,2017-05-27,8293,6550,156,231
396,2017-05-28,7930,5305,682,172
397,2017-05-29,10835,7151,177,232
398,2017-05-30,9458,6882,389,230
399,2017-05-31,12935,9889,356,367
400,2017-06-01,3969,2683,251,93
401,2017-06-02,9039,6517,5061,296
402,2017-06-03,5475,4165,3101,163
403,2017-06-04,639,413,80,21
404,2017-06-05,4924,3467,2763,172
405,2017-06-06,4068,2811,223,100
406,2017-06-07,998,645,68,25
407,2017-06-08,4293,2974,253,105
408,2017-06-09,30190,22446,1763,753
409,2017-06-10,8955,6188,419,201
410,2017-06-11,834,539,0,25
411,2017-06-12,6529,4809,252,160
412,2017-06-13,5450,4074,175,687
413,2017-06-14,27581,19889,2122,1171
414,2017-06-15,11322,7868,781,280
415,2017-06-16,28063,20747,584,1197
416,2017-06-17,6645,4946,261,171
417,2017-06-18,22921,16588,136,562
418,2017-06-19,5017,3377,326,117
419,2017-06-20,3208,2201,292,70
420,2017-06-21,8186,5592,875,195
421,2017-06-22,8037,6468,4951,424
422,2017-06-23,4487,3152,337,114
423,2017-06-24,7845,7035,5589,396
424,2017-06-25,10391,7151,628,236
425,2017-06-26,1170,824,87,35
426,2017-06-27,8114,5498,533,194
427,2017-06-28,1762,1222,98,44
428,2017-06-29,9717,6687,735,229
429,2017-06-30,2531,1642,317,58
430,2017-07-01,9130,6216,590,212
431,2017-07-02,2743,1886,168,68
432,2017-07-03,6939,5376,144,183
433,2017-07-04,777,502,170,24
434,2017-07-05,2405,1704,190,62
435,2017-07-06,2495,1762,206,68
436,2017-07-07,1027,664,134,27
437,2017-07-08,655,423,44,18
438,2017-07-09,5592,4321,120,146
439,2017-07-10,10353,7370,1117,262
440,2017-07-11,22070,15257,508,940
441,2017-07-12,4193,3053,115,108
442,2017-07-13,1514,1048,168,53
443,2017-07-14,10444,7286,5657,869
444,2017-07-15,9188,6431,5024,631
445,2017-07-16,20437,14434,1647,482
446,2017-07-17,3141,2131,217,73
447,2017-07-18,4448,3407,151,130
448,2017-07-19,6532,4779,201,159
449,2017-07-20,9415,6390,556,213
450,2017-07-21,828,535,0,26
451,2017-07-22,8984,6618,508,238
452,2017-07-23,3417,2403,117,76
453,2017-07-24,2403,1692,26,69
454,2017-07-25,9415,6506,769,218
455,2017-07-26,11304,8657,296,474
456,2017-07-27,2213,1528,134,54
457,2017-07-28,25094,18562,1417,649
458,2017-07-29,11204,8169,974,288
459,2017-07-30,793,513,156,26
460,2017-07-31,19683,13857,226,852
461,2017-08-01,9157,6332,478,214
462,2017-08-02,5890,3999,3330,240
463,2017-08-03,13774,10650,173,374
464,2017-08-04,15915,11255,392,362
465,2017-08-05,9927,6794,519,236
466,2017-08-06,21456,15527,314,534
467,2017-08-07,5748,4180,486,162
468,2017-08-08,3882,2601,367,90
469,2017-08-09,11995,8053,391,270
470,2017-08-10,5397,4151,151,140
471,2017-08-11,10691,7613,753,261
472,2017-08-12,2458,1757,160,56
473,2017-08-13,4081,2664,310,100
474,2017-08-14,23292,16859,476,542
475,2017-08-15,11619,8564,79,293
476,2017-08-16,8192,5334,532,180
477,2017-08-17,992,661,139,34
478,2017-08-18,15255,10720,333,749
479,2017-08-19,2764,1787,1534,134
480,2017-08-20,3063,2108,223,71
481,2017-08-21,8387,5647,626,192
482,2017-08-22,1706,1189,224,58
483,2017-08-23,457,295,81,15
484,2017-08-24,2884,2162,99,83
485,2017-08-25,4107,3016,74,104
486,2017-08-26,2617,1694,1393,114
487,2017-08-27,5739,4094,587,146
488,2017-08-28,2320,1672,232,63
489,2017-08-29,16859,11675,698,698
490,2017-08-30,19111,13907,2577,472
491,2017-08-31,8734,5786,500,198
492,2017-09-01,15949,11963,309,399
493,2017-09-02,8980,6496,427,234
494,2017-09-03,2462,1702,1382,103
495,2017-09-04,12161,7894,278,613
496,2017-09-05,15661,11659,2724,450
497,2017-09-06,8162,6254,207,257
498,2017-09-07,4720,3278,2632,184
499,2017-09-08,23681,16541,374,515
500,2017-09-09,7088,4689,554,160
501,2017-09-10,3475,2504,195,88
502,2017-09-11,2936,2084,154,77
503,2017-09-12,16798,11981,452,393
504,2017-09-13,9188,6839,0,381
505,2017-09-14,1917,1303,72,44
506,2017-09-15,10339,7251,5769,337
507,2017-09-16,7711,5814,160,197
508,2017-09-17,6986,4605,425,156
509,2017-09-18,10688,7634,2125,261
510,2017-09-19,469,303,26,14
511,2017-09-20,1154,746,108,25
512,2017-09-21,3209,2242,147,76
513,2017-09-22,3575,2313,0,239
514,2017-09-23,1407,977,130,36
515,2017-09-24,9257,6637,1304,244
516,2017-09-25,9091,6253,460,209
517,2017-09-26,8004,5495,110,412
518,2017-09-27,4843,3377,352,137
519,2017-09-28,13621,9828,686,340
520,2017-09-29,3718,2446,193,88
521,2017-09-30,2615,1695,1408,120
522,2017-10-01,1528,1051,123,48
523,2017-10-02,2498,1766,183,73
524,2017-10-03,271,175,39,6
525,2017-10-04,11053,9312,7128,768
526,2017-10-05,4352,3278,41,231
527,2017-10-06,10028,7800,2042,311
528,2017-10-07,13909,9262,358,291
529,2017-10-08,10908,7499,628,249
530,2017-10-09,4934,3602,174,127
531,2017-10-10,4936,3717,31,125
532,2017-10-11,4600,3111,357,110
533,2017-10-12,2383,1670,133,69
534,2017-10-13,13355,10561,141,728
535,2017-10-14,17319,12215,355,817
536,2017-10-15,1144,739,79,28
537,2017-10-16,3188,2157,226,83
538,2017-10-17,171,111,0,4
539,2017-10-18,8013,5840,153,204
540,2017-10-19,24347,17648,846,612
541,2017-10-20,3628,2565,356,95
542,2017-10-21,7964,5736,209,345
543,2017-10-22,5417,3696,287,119
544,2017-10-23,32547,22652,469,707
545,2017-10-24,6134,4225,268,138
546,2017-10-25,9744,7005,514,244
547,2017-10-26,7143,4817,281,162
548,2017-10-27,3675,2512,233,86
549,2017-10-28,13583,10250,376,345
550,2017-10-29,21049,15788,1184,532
551,2017-10-30,4920,3611,98,129
552,2017-10-31,7794,5230,595,172
553,2017-11-01,8012,5612,562,194
554,2017-11-02,26641,19255,14547,743
555,2017-11-03,1525,986,127,36
556,2017-11-04,4536,3253,365,119
557,2017-11-05,4723,3383,371,127
558,2017-11-06,21800,16487,12226,621
559,2017-11-07,1254,908,164,37
560,2017-11-08,19395,13484,749,893
561,2017-11-09,10577,7525,640,265
562,2017-11-10,4018,2749,128,86
563,2017-11-11,11307,8250,0,454
564,2017-11-12,5648,4030,410,146
565,2017-11-13,8018,5793,538,204
566,2017-11-14,30382,22422,256,754
567,2017-11-15,9121,6764,26,222
568,2017-11-16,3473,2451,115,87
569,2017-11-17,509,330,72,18
570,2017-11-18,1869,1278,72,43
571,2017-11-19,1237,881,126,39
572,2017-11-20,13960,10406,421,363
573,2017-11-21,15073,12177,9188,790
574,2017-11-22,7005,5140,319,180
575,2017-11-23,3544,2346,0,98
576,2017-11-24,17573,12094,832,398
577,2017-11-25,14098,9886,573,342
578,2017-11-26,13673,10250,382,357
579,2017-11-27,3172,2091,189,71
580,2017-11-28,2775,1967,232,83
581,2017-11-29,10074,7235,326,238
582,2017-11-30,2306,1555,69,55
583,2017-12-01,11755,8508,195,295
584,2017-12-02,23797,18395,466,637
585,2017-12-03,12026,8819,865,328
586,2017-12-04,1167,754,665,87
587,2017-12-05,18119,12822,1184,420
588,2017-12-06,3003,2068,129,73
589,2017-12-07,7973,5967,95,205
590,2017-12-08,13883,10330,555,361
591,2017-12-09,9046,7001,1882,292
592,2017-12-10,3475,2507,133,83
593,2017-12-11,5650,3881,403,129
594,2017-12-12,8382,6477,238,249
595,2017-12-13,1237,800,146,33
596,2017-12-14,1680,1086,971,317
597,2017-12-15,3675,2459,177,80
598,2017-12-16,8692,6165,317,202
599,2017-12-17,6953,5394,36,189
600,2017-12-18,5982,4385,3491,196
601,2017-12-19,10061,7040,723,247
602,2017-12-20,3299,2245,265,271
603,2017-12-21,30448,22104,964,728
604,2017-12-22,7889,5497,551,193
605,2017-12-23,22452,15995,2340,528
606,2017-12-24,0,0,0,0
607,2017-12-25,3110,2033,1669,129
608,2017-12-26,12053,9049,82,302
609,2017-12-27,7678,5552,342,198
610,2017-12-28,6383,4278,273,145
611,2017-12-29,7817,5256,632,180
612,2017-12-30,10862,7553,504,259
613,2017-12-31,10810,8438,183,320
614,2018-01-01,4112,3098,209,117
615,2018-01-02,18422,13482,366,456
616,2018-01-03,10358,7663,135,680
617,2018-01-04,2812,1878,201,70
618,2018-01-05,7359,5604,108,190
619,2018-01-06,13878,10191,82,603
620,2018-01-07,8547,6132,957,377
621,2018-01-08,16311,11851,1304,417
622,2018-01-09,9323,6919,264,229
623,2018-01-10,7790,5163,575,164
624,2018-01-11,5042,3556,386,127
625,2018-01-12,18094,13818,235,462
626,2018-01-13,6242,4446,332,164
627,2018-01-14,10512,7575,2097,263
628,2018-01-15,9896,6819,106,456
629,2018-01-16,8423,6556,114,230
630,2018-01-17,14913,10478,602,338
631,2018-01-18,15633,12000,9060,481
632,2018-01-19,4720,3594,237,141
633,2018-01-20,4565,3327,187,120
634,2018-01-21,1252,818,136,32
635,2018-01-22,26510,19851,761,698
636,2018-01-23,643,416,117,21
637,2018-01-24,4145,3187,273,125
638,2018-01-25,17040,11521,832,373
639,2018-01-26,13753,10121,436,350
640,2018-01-27,0,0,0,0
641,2018-01-28,5818,4566,109,158
642,2018-01-29,7103,4862,301,161
643,2018-01-30,9921,7326,1359,267
644,2018-01-31,526,349,22,12
645,2018-02-01,7936,5522,558,192
646,2018-02-02,9995,7652,175,267
647,2018-02-03,5645,4047,404,154
648,2018-02-04,20200,14575,11019,587
649,2018-02-05,10575,7929,311,403
650,2018-02-06,9858,6853,5366,346
651,2018-02-07,18272,12947,793,439
652,2018-02-08,6934,4953,399,167
653,2018-02-09,24,16,15,1
654,2018-02-10,2731,2032,55,68
655,2018-02-11,620,401,166,26
656,2018-02-12,2164,1495,119,53
657,2018-02-13,2464,1744,238,66
658,2018-02-14,9380,7335,331,284
659,2018-02-15,1244,804,0,102
660,2018-02-16,2379,1679,114,66
661,2018-02-17,1374,957,104,38
662,2018-02-18,1824,1254,132,46
663,2018-02-19,3583,2440,1940,150
664,2018-02-20,10917,7834,891,265
665,2018-02-21,16878,12535,574,445
666,2018-02-22,11668,8231,0,482
667,2018-02-23,2378,1738,126,66
668,2018-02-24,3678,2575,256,97
669,2018-02-25,553,357,290,41
670,2018-02-26,10289,7463,5809,336
671,2018-02-27,23826,16986,373,543
672,2018-02-28,5789,4554,33,154
673,2018-03-01,15295,11102,408,369
674,2018-03-02,9108,6945,230,666
675,2018-03-03,7398,5177,4100,257
676,2018-03-04,8212,5632,504,188
677,2018-03-05,18676,14266,469,503
678,2018-03-06,3766,2623,0,104
679,2018-03-07,5347,4064,0,130
680,2018-03-08,0,0,0,0
681,2018-03-09,9830,6735,5400,330
682,2018-03-10,11046,7994,381,278
683,2018-03-11,2500,1643,68,178
684,2018-03-12,4060,3040,170,118
685,2018-03-13,6798,4537,498,153
686,2018-03-14,6583,4364,363,147
687,2018-03-15,12303,8881,2142,298
688,2018-03-16,26122,18349,293,576
689,2018-03-17,2240,1451,211,65
690,2018-03-18,12470,9612,204,341
691,2018-03-19,587,379,85,21
692,2018-03-20,3726,2671,189,107
693,2018-03-21,4452,2982,441,111
694,2018-03-22,9241,6797,426,252
695,2018-03-23,659,426,350,56
696,2018-03-24,12578,9722,149,332
697,2018-03-25,1220,789,115,28
698,2018-03-26,3623,2451,253,104
699,2018-03-27,9955,6985,708,238
700,2018-03-28,16906,12227,2966,422
701,2018-03-29,10004,7330,0,426
702,2018-03-30,7666,5442,260,190
703,2018-03-31,12046,8767,6535,360
704,2018-04-01,5988,5016,2621,246
705,2018-04-02,6238,4450,459,163
706,2018-04-03,0,0,0,0
707,2018-04-04,37323,28234,314,942
708,2018-04-05,7819,5936,187,202
709,2018-04-06,7070,5415,149,189
710,2018-04-07,4262,3279,170,128
711,2018-04-08,1472,1012,143,47
712,2018-04-09,17713,11524,46,339
713,2018-04-10,9018,6647,376,222
714,2018-04-11,9518,7071,0,456
715,2018-04-12,18298,13070,603,434
716,2018-04-13,7441,5477,522,193
717,2018-04-14,9857,7345,137,261
718,2018-04-15,7266,5495,353,200
719,2018-04-16,26044,18875,642,1055
720,2018-04-17,9581,7282,308,274
721,2018-04-18,12083,8972,282,313
722,2018-04-19,14,9,9,1
723,2018-04-20,7812,5328,393,182
724,2018-04-21,5582,4440,2143,215
725,2018-04-22,29305,22183,16669,945
726,2018-04-23,9012,6167,538,207
727,2018-04-24,12367,8560,110,614
728,2018-04-25,9377,6616,1113,240
729,2018-04-26,5696,4955,3810,269
730,2018-04-27,2037,1376,262,52
731,2018-04-28,4813,3463,243,123
732,2018-04-29,27355,19258,466,607
733,2018-04-30,5655,3946,284,149
734,2018-05-01,4040,2926,150,300
735,2018-05-02,16284,12140,374,416
736,2018-05-03,10433,7277,682,253
737,2018-05-04,8251,5854,354,199
738,2018-05-05,3259,2199,354,245
739,2018-05-06,5911,3923,310,131
740,2018-05-07,2695,1901,377,71
741,2018-05-08,8228,5531,421,174
742,2018-05-09,3166,2212,221,79
743,2018-05-10,3490,2328,442,77
744,2018-05-11,3841,2685,206,107
745,2018-05-12,7575,5093,855,174
746,2018-05-13,2718,1966,141,79
747,2018-05-14,2696,1903,85,62
748,2018-05-15,7507,5286,323,187
749,2018-05-16,7874,6310,3208,295
750,2018-05-17,11797,8548,170,269
751,2018-05-18,11530,8242,6364,402
752,2018-05-19,17523,12929,9790,513
753,2018-05-20,4609,3045,353,105
754,2018-05-21,8837,6570,366,238
755,2018-05-22,9029,6495,789,229
756,2018-05-23,6364,4326,249,137
757,2018-05-24,22086,16199,12216,627
758,2018-05-25,5216,3822,265,136
759,2018-05-26,7991,5731,1267,209
760,2018-05-27,2082,1354,1169,133
761,2018-05-28,1275,899,103,40
762,2018-05-29,14976,10834,626,373
763,2018-05-30,21348,15775,147,499
764,2018-05-31,7301,5330,151,189
765,2018-06-01,4508,3169,2578,193
766,2018-06-02,9311,6494,487,226
767,2018-06-03,4517,3057,346,106
768,2018-06-04,6902,5077,274,183
769,2018-06-05,4473,3148,2562,166
770,2018-06-06,9406,6409,545,217
771,2018-06-07,0,0,0,0
772,2018-06-08,3799,2570,304,91
773,2018-06-09,3519,2651,121,100
774,2018-06-10,7848,5821,455,213
775,2018-06-11,12286,8891,498,295
776,2018-06-12,17492,12201,9256,514
777,2018-06-13,16954,11974,1041,392
778,2018-06-14,6407,4853,310,181
779,2018-06-15,7053,5035,321,177
780,2018-06-16,10076,6965,736,237
781,2018-06-17,12846,9151,249,293
782,2018-06-18,12748,8698,154,265
783,2018-06-19,4837,3189,228,101
784,2018-06-20,8090,5897,372,202
785,2018-06-21,8896,6635,145,237
786,2018-06-22,15368,11598,278,385
787,2018-06-23,4539,3211,2563,169
788,2018-06-24,3002,2112,346,80
789,2018-06-25,22320,16416,3508,570
790,2018-06-26,7805,5511,269,175
791,2018-06-27,7851,5903,315,219
792,2018-06-28,6358,4686,307,162
793,2018-06-29,17346,12578,9832,532
794,2018-06-30,8975,6901,220,233
795,2018-07-01,4344,3225,188,107
796,2018-07-02,4065,2881,248,107
797,2018-07-03,1660,1161,30,37
798,2018-07-04,7459,6768,5504,388
799,2018-07-05,513,332,57,14
800,2018-07-06,8868,6569,615,231
801,2018-07-07,6429,4347,64,148
802,2018-07-08,13820,10516,507,361
803,2018-07-09,12171,8591,682,280
804,2018-07-10,3659,2549,139,88
805,2018-07-11,8502,6217,473,233
806,2018-07-12,1511,977,824,87
807,2018-07-13,3814,2654,272,88
808,2018-07-14,4506,3116,303,107
809,2018-07-15,2968,2018,0,78
810,2018-07-16,1516,980,0,46
811,2018-07-17,5403,3845,170,462
812,2018-07-18,863,558,140,26
813,2018-07-19,4594,3301,2527,167
814,2018-07-20,7934,5919,229,215
815,2018-07-21,13748,10094,188,350
816,2018-07-22,8635,6351,534,227
817,2018-07-23,12277,9246,433,523
818,2018-07-24,11623,8484,6506,360
819,2018-07-25,22026,15974,2310,855
820,2018-07-26,4591,3314,0,264
821,2018-07-27,1602,1099,167,53
822,2018-07-28,2842,1918,274,70
823,2018-07-29,7286,4933,603,173
824,2018-07-30,12830,10386,3801,465
825,2018-07-31,14564,10617,46,629
826,2018-08-01,2519,1693,154,56
827,2018-08-02,3296,2286,37,86
828,2018-08-03,671,434,123,20
829,2018-08-04,17636,12686,658,765
830,2018-08-05,10598,9650,7811,556
831,2018-08-06,9088,6238,527,212
832,2018-08-07,7081,5136,266,416
833,2018-08-08,6860,4889,3913,248
834,2018-08-09,4258,2807,317,96
835,2018-08-10,6272,4537,3543,216
836,2018-08-11,12004,8640,372,544
837,2018-08-12,1025,663,116,23
838,2018-08-13,3513,2492,195,85
839,2018-08-14,0,0,0,0
840,2018-08-15,6812,4937,404,193
841,2018-08-16,2088,1415,168,51
842,2018-08-17,1298,839,199,31
843,2018-08-18,4626,3233,686,113
844,2018-08-19,7222,5229,240,193
845,2018-08-20,12440,8736,520,298
846,2018-08-21,4168,3154,171,122
847,2018-08-22,2234,1457,97,62
848,2018-08-23,8763,6269,186,220
849,2018-08-24,18167,13282,376,429
850,2018-08-25,7046,5220,144,176
851,2018-08-26,3358,2295,167,74
852,2018-08-27,2299,1533,137,49
853,2018-08-28,5377,3946,175,142
854,2018-08-29,519,335,69,18
855,2018-08-30,821,531,0,80
856,2018-08-31,7590,5546,238,189
857,2018-09-01,3294,2129,0,205
858,2018-09-02,4919,4193,2041,200
859,2018-09-03,8793,6461,281,230
860,2018-09-04,5718,3962,449,140
861,2018-09-05,25854,19509,436,656
862,2018-09-06,1446,935,244,52
863,2018-09-07,10972,7939,1403,276
864,2018-09-08,2646,1711,1465,131
865,2018-09-09,25369,17963,2812,588
866,2018-09-10,2115,1375,171,59
867,2018-09-11,12019,8357,750,278
868,2018-09-12,1835,1283,126,44
869,2018-09-13,12796,9470,169,324
870,2018-09-14,2692,1745,1537,111
871,2018-09-15,20895,14599,450,480
872,2018-09-16,4550,3282,277,121
873,2018-09-17,9059,6418,641,229
874,2018-09-18,389,251,40,9
875,2018-09-19,2145,1519,179,52
876,2018-09-20,12548,9210,1243,312
877,2018-09-21,10065,7615,344,262
878,2018-09-22,8042,5584,374,188
879,2018-09-23,19272,13706,384,440
880,2018-09-24,825,533,138,31
881,2018-09-25,19645,14487,216,494
882,2018-09-26,5350,3791,204,125
883,2018-09-27,10553,7776,225,255
884,2018-09-28,3603,2661,218,101
885,2018-09-29,13515,9842,407,332
886,2018-09-30,746,482,119,19
887,2018-10-01,4627,3083,255,100
888,2018-10-02,3347,2400,98,83
889,2018-10-03,1749,1228,120,44
890,2018-10-04,5967,4055,393,141
891,2018-10-05,7789,5532,443,189
892,2018-10-06,13369,9962,495,351
893,2018-10-07,7105,5330,198,186
894,2018-10-08,8820,6067,565,209
895,2018-10-09,9662,7195,170,248
896,2018-10-10,8457,6228,1093,233
897,2018-10-11,6857,5349,129,184
898,2018-10-12,437,282,52,13
899,2018-10-13,6804,5011,299,174
900,2018-10-14,11955,8657,471,524
901,2018-10-15,12903,9436,1760,548
902,2018-10-16,14052,10672,206,362
903,2018-10-17,14994,10759,887,356
904,2018-10-18,5026,3751,0,222
905,2018-10-19,16628,12517,373,427
906,2018-10-20,10299,7913,1052,308
907,2018-10-21,20949,15337,302,508
908,2018-10-22,6681,4907,213,176
909,2018-10-23,2039,1479,139,51
910,2018-10-24,8456,5724,517,182
911,2018-10-25,1806,1205,265,54
912,2018-10-26,1441,931,112,34
913,2018-10-27,4041,2819,272,107
914,2018-10-28,3485,2273,329,141
915,2018-10-29,9444,7311,54,249
916,2018-10-30,5869,4457,106,159
917,2018-10-31,15082,11275,700,679
918,2018-11-01,12012,9154,391,331
919,2018-11-02,4963,3667,138,128
920,2018-11-03,4276,2809,0,251
921,2018-11-04,11850,9021,159,304
922,2018-11-05,3928,2868,171,102
923,2018-11-06,2476,1600,219,59
924,2018-11-07,4096,2877,0,106
925,2018-11-08,2605,1849,163,69
926,2018-11-09,18606,13315,1349,450
927,2018-11-10,12261,8851,425,306
928,2018-11-11,1782,1304,211,53
929,2018-11-12,2930,2128,195,85
930,2018-11-13,4976,3464,233,121
931,2018-11-14,16513,12126,1074,412
932,2018-11-15,1284,910,116,43
933,2018-11-16,1421,1013,119,45
934,2018-11-17,17437,11516,164,377
935,2018-11-18,4300,3117,128,109
936,2018-11-19,887,573,94,20
937,2018-11-20,9285,7225,131,249
938,2018-11-21,8526,6269,248,220
939,2018-11-22,9048,6333,1404,237
940,2018-11-23,5071,3503,297,118
941,2018-11-24,9003,6759,197,232
942,2018-11-25,10887,7497,721,258
943,2018-11-26,1137,780,58,28
944,2018-11-27,14054,10360,461,370
945,2018-11-28,10093,7011,614,246
946,2018-11-29,6306,4790,284,175
947,2018-11-30,21344,15312,1995,509
948,2018-12-01,9637,6426,516,214
949,2018-12-02,2948,1906,188,65
950,2018-12-03,9754,7166,576,253
951,2018-12-04,5551,3902,277,137
952,2018-12-05,12141,8997,106,529
953,2018-12-06,5311,3813,358,139
954,2018-12-07,26579,18860,240,1015
955,2018-12-08,628,406,77,21
956,2018-12-09,6233,4456,379,152
957,2018-12-10,11308,7879,1071,278
958,2018-12-11,8164,5396,571,179
959,2018-12-12,5984,4231,259,146
960,2018-12-13,4862,3521,342,128
961,2018-12-14,18882,14097,215,482
962,2018-12-15,11677,8641,0,535
963,2018-12-16,6912,4771,364,161
964,2018-12-17,1979,1366,161,46
965,2018-12-18,8694,6166,260,203
966,2018-12-19,9866,7682,172,265
967,2018-12-20,29694,21190,122,1114
968,2018-12-21,9168,6838,5223,288
969,2018-12-22,8093,5795,4504,284
970,2018-12-23,570,384,39,14
971,2018-12-24,2770,1950,253,75
972,2018-12-25,6914,4969,426,179
973,2018-12-26,2692,1754,333,68
974,2018-12-27,3201,2225,138,72
975,2018-12-28,2233,1575,127,66
976,2018-12-29,3383,2501,169,102
977,2018-12-30,4126,2981,11,207
978,2018-12-31,4385,2925,395,96
979,2019-01-01,7649,5282,745,189
980,2019-01-02,1369,936,71,38
981,2019-01-03,3912,2529,22,248
982,2019-01-04,10972,7930,1804,281
983,2019-01-05,2534,1771,169,68
984,2019-01-06,3019,2025,264,73
985,2019-01-07,4251,2936,482,105
986,2019-01-08,7200,5045,924,174
987,2019-01-09,2580,1731,271,60
988,2019-01-10,4420,3221,177,116
989,2019-01-11,6632,4709,301,169
990,2019-01-12,8215,5925,262,204
991,2019-01-13,11455,8885,172,301
992,2019-01-14,14775,10911,490,393
993,2019-01-15,7874,5344,775,181
994,2019-01-16,14532,10579,1478,362
995,2019-01-17,1037,670,113,28
996,2019-01-18,6777,5056,218,597
997,2019-01-19,5666,3914,239,134
998,2019-01-20,8874,6171,458,205
999,2019-01-21,2737,2078,58,75
1000,2019-01-22,4469,3239,177,115
1001,2019-01-23,935,604,117,33
1002,2019-01-24,14557,10836,359,375
1003,2019-01-25,7008,5124,374,182
1004,2019-01-26,8091,6405,2524,278
1005,2019-01-27,2784,2006,72,71
1006,2019-01-28,12220,8744,390,311
1007,2019-01-29,9756,6544,630,216
1008,2019-01-30,3325,2344,237,84
1009,2019-01-31,2554,1714,224,61
1010,2019-02-01,2833,1838,319,87
1011,2019-02-02,6807,5518,1887,240
1012,2019-02-03,0,0,0,0
1013,2019-02-04,3164,2094,0,190
1014,2019-02-05,13164,10246,348,387
1015,2019-02-06,4750,3434,245,122
1016,2019-02-07,13638,10040,1096,343
1017,2019-02-08,7544,5383,356,188
1018,2019-02-09,7410,5475,201,198
1019,2019-02-10,2329,1513,224,54
1020,2019-02-11,5966,4031,272,139
1021,2019-02-12,4000,2813,285,103
1022,2019-02-13,19521,13842,43,805
1023,2019-02-14,1127,728,78,23
1024,2019-02-15,8593,5770,325,191
1025,2019-02-16,509,329,84,14
1026,2019-02-17,5054,3865,126,141
1027,2019-02-18,10574,7551,418,255
1028,2019-02-19,7805,5219,726,171
1029,2019-02-20,7273,5412,305,199
1030,2019-02-21,9983,7257,269,442
1031,2019-02-22,8219,5740,778,416
1032,2019-02-23,21769,15202,477,486
1033,2019-02-24,19165,13415,331,425
1034,2019-02-25,6920,5280,111,184
1035,2019-02-26,12974,9206,696,322
1036,2019-02-27,7722,6083,2309,264
1037,2019-02-28,5067,3412,2870,192
1038,2019-03-01,445,288,69,12
1039,2019-03-02,0,0,0,0
1040,2019-03-03,3522,2410,255,98
1041,2019-03-04,2442,1612,121,55
1042,2019-03-05,0,0,0,0
1043,2019-03-06,3606,2509,132,90
1044,2019-03-07,621,401,67,24
1045,2019-03-08,6638,5016,178,177
1046,2019-03-09,942,609,79,24
1047,2019-03-10,4642,3137,2621,205
1048,2019-03-11,2849,1868,365,70
1049,2019-03-12,8936,6053,868,204
1050,2019-03-13,4105,2956,196,111
1051,2019-03-14,1349,926,62,34
1052,2019-03-15,8266,5752,415,193
1053,2019-03-16,25208,19232,373,650
1054,2019-03-17,3556,2496,228,98
1055,2019-03-18,14124,10174,479,349
1056,2019-03-19,5028,3560,2851,182
1057,2019-03-20,6362,4298,416,148
1058,2019-03-21,12226,8799,677,292
1059,2019-03-22,4924,3457,2742,191
1060,2019-03-23,0,0,0,0
1061,2019-03-24,4402,3073,2518,608
1062,2019-03-25,1021,660,153,27
1063,2019-03-26,10301,7721,272,265
1064,2019-03-27,13645,9984,1534,340
1065,2019-03-28,21136,15276,11421,627
1066,2019-03-29,5738,4094,258,141
1067,2019-03-30,811,561,111,22
1068,2019-03-31,5108,3457,24,128
1069,2019-04-01,10829,7720,996,275
1070,2019-04-02,3510,2297,1924,140
1071,2019-04-03,11638,8412,436,288
1072,2019-04-04,4814,3485,2641,158
1073,2019-04-05,7480,5001,398,160
1074,2019-04-06,2893,2016,135,79
1075,2019-04-07,13436,9982,1191,359
1076,2019-04-08,1556,1095,58,36
1077,2019-04-09,8445,5834,411,195
1078,2019-04-10,1045,694,25,22
1079,2019-04-11,4603,3323,209,123
1080,2019-04-12,20401,14667,276,467
1081,2019-04-13,9813,6536,63,220
1082,2019-04-14,8603,5997,375,197
1083,2019-04-15,1446,1005,176,43
1084,2019-04-16,5173,3876,139,136
1085,2019-04-17,4408,2989,405,101
1086,2019-04-18,13935,9688,530,322
1087,2019-04-19,6269,4478,99,152
1088,2019-04-20,1335,863,249,49
1089,2019-04-21,7484,5589,362,206
1090,2019-04-22,23131,16709,482,532
1091,2019-04-23,2399,1669,268,70
1092,2019-04-24,11645,8758,697,495
1093,2019-04-25,3187,2115,322,80
1094,2019-04-26,11215,8130,6282,347
1095,2019-04-27,1290,932,105,36
1096,2019-04-28,8210,5803,253,189
1097,2019-04-29,9111,6182,301,191
1098,2019-04-30,23345,16446,1348,1060
1099,2019-05-01,3443,2225,0,93
1100,2019-05-02,4885,3268,391,111
1101,2019-05-03,8194,6001,935,226
1102,2019-05-04,3956,2873,2221,131
1103,2019-05-05,1895,1225,0,133
1104,2019-05-06,4713,3361,188,120
1105,2019-05-07,7119,5077,434,188
1106,2019-05-08,24505,17849,185,580
1107,2019-05-09,2394,1687,103,66
1108,2019-05-10,8727,6748,231,247
1109,2019-05-11,11657,8437,881,281
1110,2019-05-12,932,606,129,26
1111,2019-05-13,5751,3993,390,146
1112,2019-05-14,7535,5043,575,163
1113,2019-05-15,9894,6860,594,242
1114,2019-05-16,3469,2490,205,88
1115,2019-05-17,2207,1636,192,69
1116,2019-05-18,6131,4105,518,143
1117,2019-05-19,5860,4588,1865,201
1118,2019-05-20,9389,6172,676,202
1119,2019-05-21,4908,3588,96,135
1120,2019-05-22,4392,2999,237,108
1121,2019-05-23,10343,6920,5657,337
1122,2019-05-24,6429,4305,569,148
1123,2019-05-25,8419,5753,328,181
1124,2019-05-26,7195,5128,338,176
1125,2019-05-27,9167,6747,188,241
1126,2019-05-28,2517,1864,187,75
1127,2019-05-29,145,94,0,7
1128,2019-05-30,481,311,50,15
1129,2019-05-31,0,0,0,0
1130,2019-06-01,1509,1079,126,49
1131,2019-06-02,1692,1265,22,46
1132,2019-06-03,681,440,74,20
1133,2019-06-04,658,425,72,17
1134,2019-06-05,2542,1661,149,52
1135,2019-06-06,6686,4919,184,167
1136,2019-06-07,23052,17658,586,638
1137,2019-06-08,7000,5966,4067,317
1138,2019-06-09,12839,9303,334,328
1139,2019-06-10,5085,3623,269,128
1140,2019-06-11,6597,4271,3598,291
1141,2019-06-12,7427,5108,857,181
1142,2019-06-13,10896,8348,204,296
1143,2019-06-14,4332,3248,171,121
1144,2019-06-15,9694,6970,390,250
1145,2019-06-16,534,345,67,13
1146,2019-06-17,3346,2181,372,78
1147,2019-06-18,4657,3314,167,120
1148,2019-06-19,6441,4246,763,147
1149,2019-06-20,3224,2084,278,74
1150,2019-06-21,691,448,48,17
1151,2019-06-22,6053,4524,409,169
1152,2019-06-23,11843,8330,1156,270
1153,2019-06-24,3138,2225,243,76
1154,2019-06-25,8262,5654,1075,201
1155,2019-06-26,2263,1491,136,53
1156,2019-06-27,9344,6534,692,227
1157,2019-06-28,1353,906,135,38
1158,2019-06-29,3290,2396,325,91
1159,2019-06-30,3147,2316,226,98
1160,2019-07-01,9950,8401,4796,418
1161,2019-07-02,36537,26240,105,793
1162,2019-07-03,1146,741,0,34
1163,2019-07-04,6419,4746,443,171
1164,2019-07-05,7184,5159,197,174
1165,2019-07-06,6345,4642,39,149
1166,2019-07-07,1474,992,116,38
1167,2019-07-08,0,0,0,0
1168,2019-07-09,4430,2997,2478,182
1169,2019-07-10,10762,7750,473,280
1170,2019-07-11,8178,5589,443,195
1171,2019-07-12,989,639,121,26
1172,2019-07-13,562,363,114,18
1173,2019-07-14,8833,6843,2218,279
1174,2019-07-15,1304,920,121,38
1175,2019-07-16,12618,9195,660,310
1176,2019-07-17,1721,1143,201,40
1177,2019-07-18,8531,6021,458,206
1178,2019-07-19,4006,2829,430,107
1179,2019-07-20,1157,809,71,33
1180,2019-07-21,7072,5009,284,170
1181,2019-07-22,5013,3486,390,123
1182,2019-07-23,1958,1266,0,134
1183,2019-07-24,3489,2304,166,77
1184,2019-07-25,55,36,0,2
1185,2019-07-26,7808,5219,137,160
1186,2019-07-27,324,209,82,10
1187,2019-07-28,17544,12651,515,431
1188,2019-07-29,1111,813,54,35
1189,2019-07-30,7037,5105,336,179
1190,2019-07-31,1012,654,145,28
1191,2019-08-01,4493,3600,30,122
1192,2019-08-02,3372,2477,256,95
1193,2019-08-03,6640,4522,587,143
1194,2019-08-04,11940,8964,321,294
1195,2019-08-05,6486,4705,417,166
1196,2019-08-06,3315,2303,180,88
1197,2019-08-07,10123,7173,618,250
1198,2019-08-08,2105,1413,261,67
1199,2019-08-09,6910,4805,550,159
1200,2019-08-10,0,0,0,0
1201,2019-08-11,9728,6868,614,234
1202,2019-08-12,4281,2963,453,121
1203,2019-08-13,530,343,114,16
1204,2019-08-14,9605,7103,222,249
1205,2019-08-15,3809,2723,129,104
1206,2019-08-16,4578,3237,115,123
1207,2019-08-17,6531,4491,1054,149
1208,2019-08-18,6570,4869,262,179
1209,2019-08-19,8435,6700,1742,270
1210,2019-08-20,13734,10222,385,356
1211,2019-08-21,1480,957,0,108
1212,2019-08-22,7229,4905,562,169
1213,2019-08-23,527,341,121,21
1214,2019-08-24,8593,5756,953,199
1215,2019-08-25,10354,7457,739,262
1216,2019-08-26,13862,9265,315,305
1217,2019-08-27,13387,9284,430,307
1218,2019-08-28,3869,2651,0,244
1219,2019-08-29,3954,2783,237,110
1220,2019-08-30,6531,4377,158,138
1221,2019-08-31,4479,3356,93,122
1222,2019-09-01,9451,7056,123,235
1223,2019-09-02,5298,4242,1862,191
1224,2019-09-03,4586,3192,782,119
1225,2019-09-04,14412,10589,237,347
1226,2019-09-05,1323,855,198,39
1227,2019-09-06,8308,5662,977,193
1228,2019-09-07,1963,1475,99,54
1229,2019-09-08,8408,5810,484,198
1230,2019-09-09,12929,9088,555,315
1231,2019-09-10,5026,3500,803,131
1232,2019-09-11,13472,10588,326,408
1233,2019-09-12,1085,701,119,27
1234,2019-09-13,11337,8256,462,293
1235,2019-09-14,22258,15920,822,524
1236,2019-09-15,7960,6728,4229,348
1237,2019-09-16,25523,19419,383,668
1238,2019-09-17,13892,9832,1152,347
1239,2019-09-18,13407,9340,58,631
1240,2019-09-19,599,422,30,15
1241,2019-09-20,6350,4523,3481,210
1242,2019-09-21,4769,3359,581,135
1243,2019-09-22,8053,5523,399,184
1244,2019-09-23,16573,12060,79,751
1245,2019-09-24,7702,5269,308,174
1246,2019-09-25,13518,9730,724,348
1247,2019-09-26,8666,6779,191,238
1248,2019-09-27,1968,1380,96,45
1249,2019-09-28,31643,23447,17564,2543
1250,2019-09-29,9690,6628,1114,224
1251,2019-09-30,15744,12966,9764,861
1252,2019-10-01,2334,1693,194,75
1253,2019-10-02,7053,4750,368,161
1254,2019-10-03,6633,4693,3721,270
1255,2019-10-04,3325,2335,318,588
1256,2019-10-05,507,328,90,21
1257,2019-10-06,961,621,150,29
1258,2019-10-07,3462,2368,331,84
1259,2019-10-08,6877,4795,620,176
1260,2019-10-09,8865,5991,764,192
1261,2019-10-10,5128,3950,103,135
1262,2019-10-11,2710,1880,198,76
1263,2019-10-12,20230,15139,248,511
1264,2019-10-13,3783,2487,319,81
1265,2019-10-14,21264,15176,654,479
1266,2019-10-15,10022,7572,614,286
1267,2019-10-16,1008,652,70,27
1268,2019-10-17,4697,3492,109,121
1269,2019-10-18,13112,8948,660,590
1270,2019-10-19,4534,2974,48,270
1271,2019-10-20,6581,4583,824,155
1272,2019-10-21,2871,1917,526,67
1273,2019-10-22,2374,1585,260,63
1274,2019-10-23,6720,4643,702,171
1275,2019-10-24,16689,12012,412,395
1276,2019-10-25,977,632,0,26
1277,2019-10-26,3686,2520,376,88
1278,2019-10-27,1439,1024,119,44
1279,2019-10-28,9281,6604,5072,287
1280,2019-10-29,19729,13917,377,855
1281,2019-10-30,0,0,0,0
1282,2019-10-31,2819,1945,190,77
1283,2019-11-01,2886,2024,348,79
1284,2019-11-02,1059,685,104,31
1285,2019-11-03,9496,6917,185,233
1286,2019-11-04,964,623,174,39
1287,2019-11-05,4119,3467,2121,178
1288,2019-11-06,2493,1650,204,56
1289,2019-11-07,14428,10315,440,345
1290,2019-11-08,15116,11247,8515,450
1291,2019-11-09,10116,7262,5683,305
1292,2019-11-10,6915,4748,417,168
1293,2019-11-11,18002,12916,29,737
1294,2019-11-12,5896,4100,226,150
1295,2019-11-13,11491,7936,931,268
1296,2019-11-14,14142,10238,426,357
1297,2019-11-15,8525,6429,395,222
1298,2019-11-16,2271,1515,150,52
1299,2019-11-17,2402,1680,249,62
1300,2019-11-18,4087,2964,113,106
1301,2019-11-19,12591,8857,402,282
1302,2019-11-20,4204,2838,387,101
1303,2019-11-21,10525,7445,656,256
1304,2019-11-22,8214,5988,477,376
1305,2019-11-23,7260,5154,491,183
1306,2019-11-24,10098,6926,719,232
1307,2019-11-25,0,0,0,0
1308,2019-11-26,23366,17019,248,549
1309,2019-11-27,3391,2474,180,87
1310,2019-11-28,7736,5670,470,199
1311,2019-11-29,4870,3331,374,122
1312,2019-11-30,11385,8182,494,286
1313,2019-12-01,6681,5041,183,168
1314,2019-12-02,0,0,0,0
1315,2019-12-03,3785,2500,0,240
1316,2019-12-04,11353,8771,369,334
1317,2019-12-05,10542,7357,5729,314
1318,2019-12-06,9052,8416,7252,491
1319,2019-12-07,18863,13057,225,410
1320,2019-12-08,10868,7179,126,235
1321,2019-12-09,4592,3176,283,107
1322,2019-12-10,10315,6958,730,238
1323,2019-12-11,9064,6233,943,220
1324,2019-12-12,4405,3062,167,102
1325,2019-12-13,10853,8516,204,296
1326,2019-12-14,11415,8582,430,302
1327,2019-12-15,6160,4428,230,159
1328,2019-12-16,11519,7843,458,267
1329,2019-12-17,5272,3607,0,124
1330,2019-12-18,4196,3004,392,120
1331,2019-12-19,15071,10857,174,353
1332,2019-12-20,612,396,76,17
1333,2019-12-21,2569,1661,0,198
1334,2019-12-22,15141,10504,948,353
1335,2019-12-23,1214,785,694,88
1336,2019-12-24,10897,7884,1620,278
1337,2019-12-25,6995,6415,5390,378
1338,2019-12-26,9280,6445,754,224
1339,2019-12-27,2426,1669,158,67
1340,2019-12-28,6961,4740,263,179
1341,2019-12-29,7442,6184,3053,284
1342,2019-12-30,7667,5061,577,175
1343,2019-12-31,6318,4711,57,315
1344,2020-01-01,17125,12100,689,409
1345,2020-01-02,6207,4515,224,164
1346,2020-01-03,3105,2272,146,81
1347,2020-01-04,2623,1728,231,58
1348,2020-01-05,12592,9285,188,300
1349,2020-01-06,10857,8552,309,336
1350,2020-01-07,8166,5931,1260,225
1351,2020-01-08,11211,7929,847,269
1352,2020-01-09,10909,7684,5985,810
1353,2020-01-10,5480,4030,385,141
1354,2020-01-11,5161,3650,319,138
1355,2020-01-12,32974,23637,576,729
1356,2020-01-13,3936,2876,166,96
1357,2020-01-14,1582,1030,217,38
1358,2020-01-15,1622,1069,179,41
1359,2020-01-16,6528,4830,246,182
1360,2020-01-17,7766,5262,478,180
1361,2020-01-18,647,418,108,20
1362,2020-01-19,14669,10141,802,334
1363,2020-01-20,6470,4328,501,139
1364,2020-01-21,2012,1495,111,53
1365,2020-01-22,9290,6210,718,203
1366,2020-01-23,14546,10597,513,381
1367,2020-01-24,12065,8364,677,278
1368,2020-01-25,2632,1893,127,72
1369,2020-01-26,15964,11924,338,394
1370,2020-01-27,7050,5413,2368,234
1371,2020-01-28,4995,3539,414,236
1372,2020-01-29,4825,3456,2715,174
1373,2020-01-30,4737,3538,493,132
1374,2020-01-31,7988,5903,177,193
1375,2020-02-01,9743,7545,110,263
1376,2020-02-02,11828,8189,1360,275
1377,2020-02-03,1634,1137,80,39
1378,2020-02-04,15717,11526,1073,397
1379,2020-02-05,6140,4581,283,170
1380,2020-02-06,3715,2594,151,96
1381,2020-02-07,8963,6247,630,217
1382,2020-02-08,10167,7553,328,745
1383,2020-02-09,542,350,32,13
1384,2020-02-10,213,138,107,13
1385,2020-02-11,27085,19665,2344,1067
1386,2020-02-12,31019,21576,622,680
1387,2020-02-13,7971,5707,391,198
1388,2020-02-14,3761,2709,243,94
1389,2020-02-15,15140,10834,168,647
1390,2020-02-16,809,523,118,25
1391,2020-02-17,5882,4182,316,139
1392,2020-02-18,4005,2684,307,91
1393,2020-02-19,8535,6323,353,226
1394,2020-02-20,8782,5945,684,197
1395,2020-02-21,3702,2593,202,95
1396,2020-02-22,14260,10770,244,628
1397,2020-02-23,19088,13341,856,441
1398,2020-02-24,1901,1401,112,53
1399,2020-02-25,0,0,0,0
1400,2020-02-26,12926,8993,309,296
1401,2020-02-27,6584,4746,351,171
1402,2020-02-28,290,187,49,8
1403,2020-02-29,775,501,114,23
1404,2020-03-01,5900,4033,389,139
1405,2020-03-02,12853,10287,4405,458
1406,2020-03-03,2941,2130,1702,134
1407,2020-03-04,11359,8094,570,257
1408,2020-03-05,15202,10776,440,343
1409,2020-03-06,4901,3714,58,126
1410,2020-03-07,10314,7154,823,249
1411,2020-03-08,7735,5365,499,185
1412,2020-03-09,17635,12489,463,408
1413,2020-03-10,16446,11686,239,384
1414,2020-03-11,12832,9357,1096,324
1415,2020-03-12,145,94,24,4
1416,2020-03-13,4079,2796,265,111
1417,2020-03-14,11553,8701,813,317
1418,2020-03-15,7755,5440,642,184
1419,2020-03-16,10519,7559,5817,358
1420,2020-03-17,17435,12644,289,436
1421,2020-03-18,5025,3681,419,133
1422,2020-03-19,6527,4521,414,155
1423,2020-03-20,11186,7914,546,271
1424,2020-03-21,3973,2646,381,112
1425,2020-03-22,9053,6930,208,259
1426,2020-03-23,1531,990,0,119
1427,2020-03-24,9785,7379,170,247
1428,2020-03-25,5459,3672,166,117
1429,2020-03-26,8845,6353,341,210
1430,2020-03-27,8051,7271,5818,416
1431,2020-03-28,9650,6625,858,224
1432,2020-03-29,2687,1899,140,69
1433,2020-03-30,8868,6510,292,217
1434,2020-03-31,43,28,8,2
1435,2020-04-01,20455,14875,572,486
1436,2020-04-02,2099,1516,181,57
1437,2020-04-03,11806,8605,783,293
1438,2020-04-04,4187,3137,121,115
1439,2020-04-05,10000,7076,2384,248
1440,2020-04-06,7550,6069,97,231
1441,2020-04-07,8845,6957,133,244
1442,2020-04-08,3996,2753,250,98
1443,2020-04-09,3026,1956,1641,137
1444,2020-04-10,327,211,51,10
1445,2020-04-11,2592,1713,294,60
1446,2020-04-12,2821,1835,1591,134
1447,2020-04-13,19197,14346,128,811
1448,2020-04-14,3588,2344,292,94
1449,2020-04-15,12221,8615,251,283
1450,2020-04-16,17709,13504,2334,523
1451,2020-04-17,6580,4999,256,188
1452,2020-04-18,6390,4604,265,151
1453,2020-04-19,10462,7502,373,259
1454,2020-04-20,4663,3352,2693,207
1455,2020-04-21,1403,968,115,42
1456,2020-04-22,10979,7878,1262,264
1457,2020-04-23,8427,5918,509,199
1458,2020-04-24,3568,2477,256,94
1459,2020-04-25,2927,1981,320,75
1460,2020-04-26,2356,1695,58,58
1461,2020-04-27,3534,2397,266,89
1462,2020-04-28,1781,1211,104,38
1463,2020-04-29,10819,7518,815,260
1464,2020-04-30,11345,8062,565,281
1465,2020-05-01,4553,3315,136,110
1466,2020-05-02,13698,9166,856,299
1467,2020-05-03,10398,7555,379,263
1468,2020-05-04,17604,12798,512,411
1469,2020-05-05,1538,997,143,36
1470,2020-05-06,9033,6554,5056,286
1471,2020-05-07,17520,12353,2353,416
1472,2020-05-08,5033,3456,319,122
1473,2020-05-09,0,0,0,0
1474,2020-05-10,1606,1106,25,39
1475,2020-05-11,4439,3179,211,125
1476,2020-05-12,2587,1729,250,65
1477,2020-05-13,5488,3786,366,134
1478,2020-05-14,14,9,0,1
1479,2020-05-15,2499,1770,168,66
1480,2020-05-16,3518,2339,1948,268
1481,2020-05-17,6941,5248,784,200
1482,2020-05-18,1197,819,69,29
1483,2020-05-19,1496,1022,159,49
1484,2020-05-20,9824,7342,309,259
1485,2020-05-21,21233,15732,174,510
1486,2020-05-22,3228,2362,1849,144
1487,2020-05-23,18566,13080,1284,892
1488,2020-05-24,8577,6449,256,227
1489,2020-05-25,1607,1109,111,44
1490,2020-05-26,9238,7206,248,254
1491,2020-05-27,7559,5183,605,187
1492,2020-05-28,515,333,110,22
1493,2020-05-29,6548,4588,466,160
1494,2020-05-30,7216,5562,77,183
1495,2020-05-31,26012,18415,134,565
1496,2020-06-01,26435,19110,322,627
1497,2020-06-02,12198,8651,845,299
1498,2020-06-03,4980,3526,214,132
1499,2020-06-04,15103,10962,1287,377
1500,2020-06-05,28148,19997,305,665
1501,2020-06-06,1576,1043,142,36
1502,2020-06-07,8302,6322,268,224
1503,2020-06-08,11759,8512,447,515
1504,2020-06-09,3414,2293,318,84
1505,2020-06-10,0,0,0,0
1506,2020-06-11,234,151,23,6
1507,2020-06-12,7853,5632,4445,254
1508,2020-06-13,3229,2215,197,76
1509,2020-06-14,487,315,107,21
1510,2020-06-15,36318,26544,700,829
1511,2020-06-16,7911,5324,564,177
1512,2020-06-17,32452,23487,481,742
1513,2020-06-18,11640,8111,559,279
1514,2020-06-19,11923,8922,356,311
1515,2020-06-20,13301,9340,510,304
1516,2020-06-21,5218,3459,309,122
1517,2020-06-22,9114,7152,153,249
1518,2020-06-23,7676,5558,253,202
1519,2020-06-24,20205,15176,507,548
1520,2020-06-25,6006,4732,91,163
1521,2020-06-26,12281,8990,251,288
1522,2020-06-27,254,164,31,9
1523,2020-06-28,6042,4097,3323,223
1524,2020-06-29,9402,6589,686,238
1525,2020-06-30,2421,1726,184,59
1526,2020-07-01,2419,1564,239,54
1527,2020-07-02,15129,10961,638,388
1528,2020-07-03,10676,7625,465,257
1529,2020-07-04,2868,1919,1629,109
1530,2020-07-05,2559,1790,171,65
1531,2020-07-06,5143,3745,226,131
1532,2020-07-07,2923,2176,158,83
1533,2020-07-08,21077,15053,225,503
1534,2020-07-09,2866,1988,366,75
1535,2020-07-10,28,18,0,1
1536,2020-07-11,13143,9648,593,341
1537,2020-07-12,3183,2245,193,78
1538,2020-07-13,9891,7070,356,250
1539,2020-07-14,10697,7222,439,247
1540,2020-07-15,14295,10426,450,374
1541,2020-07-16,11998,9059,117,304
1542,2020-07-17,22027,16025,285,932
1543,2020-07-18,12242,9365,288,356
1544,2020-07-19,4646,3503,245,137
1545,2020-07-20,6401,4357,245,152
1546,2020-07-21,4054,2982,187,110
1547,2020-07-22,2701,1841,154,62
1548,2020-07-23,1595,1046,149,38
1549,2020-07-24,10937,7618,6081,371
1550,2020-07-25,533,345,106,17
1551,2020-07-26,1801,1164,126,40
1552,2020-07-27,1211,783,165,32
1553,2020-07-28,15629,11104,1040,372
1554,2020-07-29,7824,5584,65,387
1555,2020-07-30,3651,2362,2055,198
1556,2020-07-31,2499,1615,0,135
1557,2020-08-01,3383,2318,230,83
1558,2020-08-02,7860,5308,617,182
1559,2020-08-03,5487,3663,650,118
1560,2020-08-04,4847,3337,252,109
1561,2020-08-05,10354,7448,479,248
1562,2020-08-06,8290,6033,448,220
1563,2020-08-07,7496,5334,298,178
1564,2020-08-08,9136,6868,282,533
1565,2020-08-09,3394,2202,306,84
1566,2020-08-10,3230,2125,207,70
1567,2020-08-11,1218,851,121,43
1568,2020-08-12,10195,7012,1192,241
1569,2020-08-13,26143,19086,14348,724
1570,2020-08-14,2323,1644,150,60
1571,2020-08-15,1495,1047,136,47
1572,2020-08-16,0,0,0,0
1573,2020-08-17,10058,7625,421,281
1574,2020-08-18,2750,1794,1514,128
1575,2020-08-19,10977,7458,713,248
1576,2020-08-20,15865,11395,4338,394
1577,2020-08-21,6945,6063,4659,333
1578,2020-08-22,10005,7549,381,270
1579,2020-08-23,0,0,0,0
1580,2020-08-24,23969,17019,3236,558
1581,2020-08-25,15375,11484,768,388
1582,2020-08-26,8042,5605,378,190
1583,2020-08-27,9095,6039,800,205
1584,2020-08-28,16099,11437,1150,388
1585,2020-08-29,29079,20180,467,625
1586,2020-08-30,219,142,27,7
1587,2020-08-31,142,92,24,7
1588,2020-09-01,13224,10262,256,376
1589,2020-09-02,10228,7153,1147,247
1590,2020-09-03,5880,4415,46,253
1591,2020-09-04,11750,9207,7066,523
1592,2020-09-05,492,318,61,13
1593,2020-09-06,6906,4830,340,183
1594,2020-09-07,1134,733,218,43
1595,2020-09-08,28426,20409,1177,1151
1596,2020-09-09,4635,3137,347,102
1597,2020-09-10,4933,3596,92,123
1598,2020-09-11,1321,956,144,38
1599,2020-09-12,19232,14278,453,475
1600,2020-09-13,6485,4477,351,154
1601,2020-09-14,9196,6306,0,434
1602,2020-09-15,4199,2823,2208,155
1603,2020-09-16,6730,4465,473,152
1604,2020-09-17,18263,12840,240,426
1605,2020-09-18,6220,4400,531,174
1606,2020-09-19,5864,3818,448,128
1607,2020-09-20,2553,1806,307,70
1608,2020-09-21,1672,1153,134,48
1609,2020-09-22,14413,9830,1572,319
1610,2020-09-23,11499,8584,253,430
1611,2020-09-24,20565,15305,853,506
1612,2020-09-25,594,384,72,19
1613,2020-09-26,17057,12219,808,404
1614,2020-09-27,23821,17224,393,579
1615,2020-09-28,5678,4233,57,293
1616,2020-09-29,1367,884,0,40
1617,2020-09-30,5269,3646,2925,197
1618,2020-10-01,3456,2421,204,86
1619,2020-10-02,9038,6060,561,198
1620,2020-10-03,8739,6454,409,232
1621,2020-10-04,4818,3575,136,127
1622,2020-10-05,7955,5339,586,179
1623,2020-10-06,7038,4929,119,418
1624,2020-10-07,9607,6576,678,227
1625,2020-10-08,10300,7744,356,269
1626,2020-10-09,2945,2078,430,81
1627,2020-10-10,4067,2839,234,109
1628,2020-10-11,2276,1494,166,53
1629,2020-10-12,30841,23002,519,793
1630,2020-10-13,16316,13078,5041,580
1631,2020-10-14,13242,9695,1072,343
1632,2020-10-15,153,99,9,4
1633,2020-10-16,7267,5404,219,194
1634,2020-10-17,4238,2794,60,100
1635,2020-10-18,7482,5351,405,199
1636,2020-10-19,7234,4887,350,162
1637,2020-10-20,7231,4966,548,167
1638,2020-10-21,6148,4250,3366,255
1639,2020-10-22,8859,6800,241,248
1640,2020-10-23,7075,4956,457,167
1641,2020-10-24,12122,9212,261,338
1642,2020-10-25,2148,1490,170,52
1643,2020-10-26,970,627,175,29
1644,2020-10-27,10176,7702,304,286
1645,2020-10-28,2373,1690,207,70
1646,2020-10-29,7408,5381,463,186
1647,2020-10-30,10879,7893,534,278
1648,2020-10-31,19479,14124,772,497
1649,2020-11-01,22259,15739,665,510
1650,2020-11-02,29176,20808,1215,681
1651,2020-11-03,1966,1283,131,53
1652,2020-11-04,5800,4172,404,148
1653,2020-11-05,11762,8900,623,313
1654,2020-11-06,0,0,0,0
1655,2020-11-07,36135,27296,160,910
1656,2020-11-08,852,551,82,24
1657,2020-11-09,7550,5807,128,200
1658,2020-11-10,903,584,0,27
1659,2020-11-11,3077,2068,1738,131
1660,2020-11-12,10103,7013,113,466
1661,2020-11-13,7313,5425,218,193
1662,2020-11-14,9451,7328,154,248
1663,2020-11-15,19897,14799,669,512
1664,2020-11-16,5628,4278,112,149
1665,2020-11-17,2474,1708,82,56
1666,2020-11-18,7703,5818,135,197
1667,2020-11-19,8960,6306,100,214
1668,2020-11-20,3868,2651,250,101
1669,2020-11-21,7336,5166,4136,268
1670,2020-11-22,6825,4969,414,179
1671,2020-11-23,0,0,0,0
1672,2020-11-24,3135,2077,228,87
1673,2020-11-25,21672,15739,695,540
1674,2020-11-26,8870,6599,234,237
1675,2020-11-27,4393,3203,146,114
1676,2020-11-28,2809,1940,266,71
1677,2020-11-29,774,500,116,23
1678,2020-11-30,5526,3966,283,136
1679,2020-12-01,9920,6858,531,225
1680,2020-12-02,4698,3037,19,290
1681,2020-12-03,20349,14639,888,796
1682,2020-12-04,2506,1758,193,62
1683,2020-12-05,13270,9506,79,608
1684,2020-12-06,1763,1140,159,43
1685,2020-12-07,4570,3121,404,112
1686,2020-12-08,8472,5761,484,192
1687,2020-12-09,1813,1279,213,44
1688,2020-12-10,329,213,58,11
1689,2020-12-11,6253,4353,278,149
1690,2020-12-12,12048,10059,7722,716
1691,2020-12-13,7130,5188,384,770
1692,2020-12-14,18838,13601,889,464
1693,2020-12-15,7884,5527,380,188
1694,2020-12-16,9053,6697,18,431
1695,2020-12-17,10338,7845,241,270
1696,2020-12-18,5029,3931,126,132
1697,2020-12-19,8061,5409,568,179
1698,2020-12-20,2522,1724,300,77
1699,2020-12-21,26213,18221,537,578
1700,2020-12-22,11912,8951,836,316
1701,2020-12-23,7074,5218,349,181
1702,2020-12-24,4451,2919,2495,198
1703,2020-12-25,9316,7078,249,241
1704,2020-12-26,5279,3907,144,132
1705,2020-12-27,2073,1403,140,54
1706,2020-12-28,3269,2122,42,88
1707,2020-12-29,8291,5506,537,191
1708,2020-12-30,6976,4735,523,153
1709,2020-12-31,3083,2251,465,94
1710,2021-01-01,2873,1911,140,66
1711,2021-01-02,7143,5031,397,171
1712,2021-01-03,3968,2749,362,111
1713,2021-01-04,1407,962,98,33
1714,2021-01-05,12496,9004,700,308
1715,2021-01-06,5955,4287,264,143
1716,2021-01-07,10408,7107,639,232
1717,2021-01-08,3679,2524,134,84
1718,2021-01-09,5286,3762,200,138
1719,2021-01-10,4681,3333,178,118
1720,2021-01-11,23325,16699,825,553
1721,2021-01-12,11246,8590,202,292
1722,2021-01-13,10996,8144,385,289
1723,2021-01-14,17264,11999,1019,396
1724,2021-01-15,13890,10347,854,379
1725,2021-01-16,13383,10198,283,369
1726,2021-01-17,3446,2364,194,85
1727,2021-01-18,0,0,0,0
1728,2021-01-19,12764,8931,33,496
1729,2021-01-20,3127,2073,200,71
1730,2021-01-21,5547,4133,185,155
1731,2021-01-22,1778,1225,162,47
1732,2021-01-23,6404,4392,177,250
1733,2021-01-24,10081,7304,468,256
1734,2021-01-25,1161,750,0,33
1735,2021-01-26,8866,6469,363,232
1736,2021-01-27,7408,5078,452,158
1737,2021-01-28,4547,3195,243,126
1738,2021-01-29,8752,5842,657,198
1739,2021-01-30,6156,4166,453,142
1740,2021-01-31,27032,19965,951,657
1741,2021-02-01,2430,1709,156,61
1742,2021-02-02,9752,7074,678,248
1743,2021-02-03,1549,1127,54,40
1744,2021-02-04,7124,4811,395,156
1745,2021-02-05,4267,2782,86,111
1746,2021-02-06,8771,6582,238,242
1747,2021-02-07,3418,2379,241,85
1748,2021-02-08,13882,9397,1228,305
1749,2021-02-09,1966,1385,148,48
1750,2021-02-10,7766,5681,227,196
1751,2021-02-11,2853,2063,100,72
1752,2021-02-12,11559,7930,110,563
1753,2021-02-13,11765,8265,709,287
1754,2021-02-14,13132,9147,83,589
1755,2021-02-15,1171,762,105,24
1756,2021-02-16,10153,7500,351,267
1757,2021-02-17,11725,8621,606,303
1758,2021-02-18,7257,5839,2136,256
1759,2021-02-19,9883,7761,197,276
1760,2021-02-20,4216,2779,240,92
1761,2021-02-21,16251,11547,633,403
1762,2021-02-22,23901,16759,2219,1062
1763,2021-02-23,10886,7569,137,491
1764,2021-02-24,18885,13489,636,860
1765,2021-02-25,1358,936,124,42
1766,2021-02-26,3202,2163,233,77
1767,2021-02-27,12886,9291,2872,336
1768,2021-02-28,3662,2611,275,102
1769,2021-03-01,7245,5551,258,543
1770,2021-03-02,12548,8388,992,279
1771,2021-03-03,530,343,130,22
1772,2021-03-04,5936,4074,193,146
1773,2021-03-05,21420,16047,113,946
1774,2021-03-06,10980,7991,1336,295
1775,2021-03-07,1240,802,0,39
1776,2021-03-08,4811,3444,2687,326
1777,2021-03-09,3733,2497,2126,167
1778,2021-03-10,2205,1589,78,54
1779,2021-03-11,5117,3402,49,245
1780,2021-03-12,8092,5829,537,215
1781,2021-03-13,4769,3362,447,123
1782,2021-03-14,17586,13037,838,455
1783,2021-03-15,2753,1895,47,75
1784,2021-03-16,20873,15338,11705,608
1785,2021-03-17,10490,7743,192,261
1786,2021-03-18,8965,6764,390,248
1787,2021-03-19,13386,9214,525,301
1788,2021-03-20,1130,738,160,30
1789,2021-03-21,2219,1649,144,61
1790,2021-03-22,6947,4948,96,167
1791,2021-03-23,10739,8249,272,1059
1792,2021-03-24,699,452,98,19
1793,2021-03-25,1656,1070,170,39
1794,2021-03-26,12215,8861,654,307
1795,2021-03-27,611,395,338,47
1796,2021-03-28,15753,11312,293,382
1797,2021-03-29,3231,2484,76,95
1798,2021-03-30,6940,4962,344,181
1799,2021-03-31,12452,9033,1355,323
1800,2021-04-01,1770,1210,130,56
1801,2021-04-02,321,218,42,11
1802,2021-04-03,7031,4963,281,184
1803,2021-04-04,4417,2965,2488,189
1804,2021-04-05,857,554,110,22
1805,2021-04-06,7710,5319,609,186
1806,2021-04-07,2170,1566,237,68
1807,2021-04-08,10016,6892,137,221
1808,2021-04-09,4950,3603,0,214
1809,2021-04-10,2616,1707,1472,168
1810,2021-04-11,13652,11790,6944,601
1811,2021-04-12,5052,3458,310,115
1812,2021-04-13,646,418,71,21
1813,2021-04-14,21065,15026,1418,881
1814,2021-04-15,15944,11308,418,377
1815,2021-04-16,24167,17392,2293,564
1816,2021-04-17,805,520,0,23
1817,2021-04-18,8215,5535,463,184
1818,2021-04-19,3127,2369,96,90
1819,2021-04-20,1989,1291,1069,110
1820,2021-04-21,10259,7809,277,276
1821,2021-04-22,9186,6653,204,229
1822,2021-04-23,9360,7207,47,267
1823,2021-04-24,10981,7477,218,257
1824,2021-04-25,5475,4250,115,144
1825,2021-04-26,14931,11324,296,384
1826,2021-04-27,6663,4840,364,174
1827,2021-04-28,0,0,0,0
1828,2021-04-29,8778,6223,565,216
1829,2021-04-30,6987,4698,660,165
1830,2021-05-01,10075,6750,318,214
1831,2021-05-02,5922,4305,3403,260
1832,2021-05-03,10985,9161,4770,438
1833,2021-05-04,6712,4589,243,153
1834,2021-05-05,2394,1781,135,67
1835,2021-05-06,4075,2889,219,108
1836,2021-05-07,14709,9665,959,305
1837,2021-05-08,12,8,0,1
1838,2021-05-09,27582,19790,276,1122
1839,2021-05-10,10684,8268,242,284
1840,2021-05-11,23896,16804,384,525
1841,2021-05-12,7094,5011,151,178
1842,2021-05-13,5083,3643,430,136
1843,2021-05-14,10044,6828,613,224
1844,2021-05-15,2348,1659,150,63
1845,2021-05-16,8085,5863,473,230
1846,2021-05-17,0,0,0,0
1847,2021-05-18,16064,11995,458,410
1848,2021-05-19,20160,14847,11251,1358
1849,2021-05-20,3019,2227,138,82
1850,2021-05-21,7853,5591,130,199
1851,2021-05-22,4570,3123,2544,189
1852,2021-05-23,20540,14902,371,799
1853,2021-05-24,4608,3234,150,107
1854,2021-05-25,3516,2509,184,83
1855,2021-05-26,13363,9147,964,310
1856,2021-05-27,2825,1910,164,67
1857,2021-05-28,31561,24061,17890,880
1858,2021-05-29,3253,2432,135,89
1859,2021-05-30,7123,5125,263,261
1860,2021-05-31,2492,1666,247,61
1861,2021-06-01,613,396,100,15
1862,2021-06-02,6245,4086,434,132
1863,2021-06-03,23147,16896,589,564
1864,2021-06-04,25209,17715,766,575
1865,2021-06-05,3680,2611,248,94
1866,2021-06-06,30522,20886,350,654
1867,2021-06-07,6619,4662,285,164
1868,2021-06-08,8678,6347,176,224
1869,2021-06-09,1428,986,166,47
1870,2021-06-10,15290,11081,1339,375
1871,2021-06-11,2410,1566,227,54
1872,2021-06-12,1587,1077,146,48
1873,2021-06-13,21436,16031,832,555
1874,2021-06-14,11419,8116,6353,384
1875,2021-06-15,8835,6013,624,198
1876,2021-06-16,8698,6599,270,243
1877,2021-06-17,7563,5472,418,200
1878,2021-06-18,10102,7199,605,247
1879,2021-06-19,3333,2291,70,88
1880,2021-06-20,482,312,72,16
1881,2021-06-21,9790,6854,656,242
1882,2021-06-22,2773,1934,295,68
1883,2021-06-23,550,356,61,16
1884,2021-06-24,11071,7738,1723,575
1885,2021-06-25,14543,10775,1668,383
1886,2021-06-26,19075,13012,304,407
1887,2021-06-27,2854,1968,313,82
1888,2021-06-28,2791,1938,84,67
1889,2021-06-29,10611,8215,181,289
1890,2021-06-30,9637,6750,661,231
1891,2021-07-01,6772,4619,160,153
1892,2021-07-02,2727,1955,112,76
1893,2021-07-03,6295,4341,0,315
1894,2021-07-04,675,436,120,20
1895,2021-07-05,4815,3478,1337,144
1896,2021-07-06,1595,1108,139,48
1897,2021-07-07,23947,17500,6134,602
1898,2021-07-08,10126,7844,157,280
1899,2021-07-09,4616,3465,158,127
1900,2021-07-10,1939,1280,148,319
1901,2021-07-11,4690,3568,185,140
1902,2021-07-12,4948,3495,268,121
1903,2021-07-13,15392,11631,527,417
1904,2021-07-14,3691,2761,957,116
1905,2021-07-15,7934,5639,758,199
1906,2021-07-16,23706,17380,3304,635
1907,2021-07-17,4453,3329,129,115
1908,2021-07-18,10495,7557,412,272
1909,2021-07-19,7580,6672,4727,360
1910,2021-07-20,12728,8866,435,527
1911,2021-07-21,19825,13708,697,439
1912,2021-07-22,8760,6021,1026,208
1913,2021-07-23,12058,8633,963,308
1914,2021-07-24,11046,8012,574,271
1915,2021-07-25,1833,1244,1027,120
1916,2021-07-26,3300,2279,216,80
1917,2021-07-27,9078,6242,512,207
1918,2021-07-28,11289,7731,537,254
1919,2021-07-29,5088,3530,2866,185
1920,2021-07-30,7873,6165,1600,247
1921,2021-07-31,5445,4006,3071,191
1922,2021-08-01,15457,10820,1769,352
1923,2021-08-02,13039,9461,1333,310
1924,2021-08-03,8899,6327,4957,279
1925,2021-08-04,14209,10290,2195,351
1926,2021-08-05,7477,5109,464,168
1927,2021-08-06,5720,4261,148,145
1928,2021-08-07,11166,8325,172,285
1929,2021-08-08,660,427,111,22
1930,2021-08-09,14422,10203,355,355
1931,2021-08-10,4337,3151,325,129
1932,2021-08-11,15225,10853,623,372
1933,2021-08-12,10404,7984,222,267
1934,2021-08-13,10005,7143,131,232
1935,2021-08-14,24003,16822,333,530
1936,2021-08-15,3685,2595,290,93
1937,2021-08-16,748,483,83,20
1938,2021-08-17,7470,5100,694,170
1939,2021-08-18,575,372,38,15
1940,2021-08-19,4715,3405,219,131
1941,2021-08-20,6959,4751,518,169
1942,2021-08-21,4154,3079,107,115
1943,2021-08-22,2455,1783,1397,96
1944,2021-08-23,15947,10799,222,357
1945,2021-08-24,6880,4944,3883,240
1946,2021-08-25,4476,2971,285,109
1947,2021-08-26,14415,10237,443,358
1948,2021-08-27,5054,3493,329,122
1949,2021-08-28,8119,6340,146,429
1950,2021-08-29,6307,4798,92,174
1951,2021-08-30,4874,3496,164,115
1952,2021-08-31,2096,1444,281,65
1953,2021-09-01,11028,8541,232,284
1954,2021-09-02,644,416,105,20
1955,2021-09-03,7628,5183,623,179
1956,2021-09-04,10206,7740,210,277
1957,2021-09-05,14456,11265,235,387
1958,2021-09-06,13624,10133,659,357
1959,2021-09-07,14825,10500,128,618
1960,2021-09-08,1132,750,103,29
1961,2021-09-09,1360,879,153,30
1962,2021-09-10,5231,3502,107,280
1963,2021-09-11,19384,13933,190,447
1964,2021-09-12,2672,1746,165,60
1965,2021-09-13,13561,10107,738,622
1966,2021-09-14,25874,18919,310,1141
1967,2021-09-15,9915,6988,468,242
1968,2021-09-16,10093,7422,257,255
1969,2021-09-17,19426,13863,1949,467
1970,2021-09-18,3040,2089,385,81
1971,2021-09-19,504,326,104,18
1972,2021-09-20,6222,4320,3443,233
1973,2021-09-21,2734,1878,176,69
1974,2021-09-22,4034,2884,131,104
1975,2021-09-23,1147,827,133,41
1976,2021-09-24,10729,7884,712,268
1977,2021-09-25,7371,5566,271,198
1978,2021-09-26,8121,5875,214,214
1979,2021-09-27,7237,5938,4544,496
1980,2021-09-28,4315,3152,105,104
1981,2021-09-29,456,295,56,14
1982,2021-09-30,2737,1842,245,208
1983,2021-10-01,0,0,0,0
1984,2021-10-02,2104,1408,1176,111
1985,2021-10-03,315,204,51,9
1986,2021-10-04,7554,5438,4156,254
1987,2021-10-05,12539,9143,298,302
1988,2021-10-06,18694,13367,10070,522
1989,2021-10-07,4046,3016,164,112
1990,2021-10-08,11271,7841,594,269
1991,2021-10-09,873,564,150,26
1992,2021-10-10,5862,3981,316,136
1993,2021-10-11,684,470,25,16
1994,2021-10-12,4733,3194,309,107
1995,2021-10-13,1208,784,176,41
1996,2021-10-14,12603,9173,900,309
1997,2021-10-15,5749,4275,241,159
1998,2021-10-16,9289,6724,266,235
1999,2021-10-17,12219,9490,352,358
2000,2021-10-18,2306,1555,305,62
2001,2021-10-19,3157,2057,1706,145
2002,2021-10-20,1650,1180,152,45
2003,2021-10-21,2302,1645,65,53
2004,2021-10-22,15932,11402,415,732
2005,2021-10-23,10031,7714,310,295
2006,2021-10-24,15387,11990,9133,1033
2007,2021-10-25,16401,11682,589,396
2008,2021-10-26,3823,2747,193,98
2009,2021-10-27,9149,6287,733,218
2010,2021-10-28,3292,2215,246,79
2011,2021-10-29,14538,10176,740,341
2012,2021-10-30,2843,1841,1557,121
2013,2021-10-31,9773,7327,431,275
2014,2021-11-01,4803,3443,164,114
2015,2021-11-02,24919,18342,336,606
2016,2021-11-03,22077,16118,6087,565
2017,2021-11-04,1168,755,223,46
2018,2021-11-05,6040,4072,425,144
2019,2021-11-06,7558,5627,252,188
2020,2021-11-07,6890,5044,88,177
2021,2021-11-08,9607,6939,377,231
2022,2021-11-09,9047,6749,166,226
2023,2021-11-10,22065,16156,1547,921
2024,2021-11-11,15506,11303,661,408
2025,2021-11-12,2968,2172,1702,131
2026,2021-11-13,8791,5989,711,205
2027,2021-11-14,4293,3061,95,108
2028,2021-11-15,10501,7785,544,274
2029,2021-11-16,5473,4280,105,157
2030,2021-11-17,37375,26057,277,1333
2031,2021-11-18,2480,1647,260,58
2032,2021-11-19,4094,3006,160,103
2033,2021-11-20,4198,2756,345,95
2034,2021-11-21,8465,5566,825,190
2035,2021-11-22,10213,7568,445,265
2036,2021-11-23,12568,8771,645,283
2037,2021-11-24,4603,3462,91,125
2038,2021-11-25,6875,4617,703,155
2039,2021-11-26,13651,10641,3774,455
2040,2021-11-27,5989,4385,289,150
2041,2021-11-28,4771,3372,256,112
2042,2021-11-29,33213,24713,384,838
2043,2021-11-30,4384,3214,2509,164
2044,2021-12-01,2213,1431,232,60
2045,2021-12-02,13076,9675,274,340
2046,2021-12-03,738,502,92,16
2047,2021-12-04,12862,9172,190,314
2048,2021-12-05,5397,3955,3169,194
2049,2021-12-06,20699,14186,81,778
2050,2021-12-07,4579,3057,167,113
2051,2021-12-08,6161,4607,210,171
2052,2021-12-09,1261,831,101,31
2053,2021-12-10,5985,4309,215,149
2054,2021-12-11,7095,5282,167,189
2055,2021-12-12,2776,1954,116,70
2056,2021-12-13,10016,7918,2092,329
2057,2021-12-14,1635,1057,84,34
2058,2021-12-15,1718,1110,130,40
2059,2021-12-16,18709,13264,874,435
2060,2021-12-17,15028,10555,172,337
2061,2021-12-18,5778,4001,68,141
2062,2021-12-19,6980,5442,2069,250
2063,2021-12-20,3812,2595,230,89
2064,2021-12-21,18833,14265,453,490
2065,2021-12-22,15394,11561,429,401
2066,2021-12-23,5089,3438,389,126
2067,2021-12-24,9059,6731,655,234
2068,2021-12-25,9322,6704,5185,286
2069,2021-12-26,8621,6393,573,232
2070,2021-12-27,3659,2611,211,93
2071,2021-12-28,21144,14729,857,855
2072,2021-12-29,6361,4557,372,161
2073,2021-12-30,22188,16442,12364,602
2074,2021-12-31,5382,3535,340,119
2075,2022-01-01,6775,4580,328,156
2076,2022-01-02,22243,15974,2306,532
2077,2022-01-03,4924,3639,173,1320
2078,2022-01-04,6410,5113,1564,212
2079,2022-01-05,511,330,77,17
2080,2022-01-06,10088,6984,595,232
2081,2022-01-07,465,301,122,17
2082,2022-01-08,15237,11413,846,605
2083,2022-01-09,1881,1367,37,48
2084,2022-01-10,11509,8442,332,288
2085,2022-01-11,685,443,85,22
2086,2022-01-12,8586,6765,162,253
2087,2022-01-13,3357,2751,136,105
2088,2022-01-14,11950,8738,472,312
2089,2022-01-15,0,0,0,0
2090,2022-01-16,10937,7515,620,251
2091,2022-01-17,7776,5509,4384,257
2092,2022-01-18,13707,10009,439,330
2093,2022-01-19,2610,1852,110,66
2094,2022-01-20,7967,5693,225,194
2095,2022-01-21,16021,12165,293,423
2096,2022-01-22,9670,6813,1426,255
2097,2022-01-23,6326,4474,309,156
2098,2022-01-24,4609,3275,185,114
2099,2022-01-25,24251,17712,13443,705
2100,2022-01-26,5906,4246,3313,218
2101,2022-01-27,3204,2428,211,98
2102,2022-01-28,2303,1649,64,59
2103,2022-01-29,10731,7376,306,231
2104,2022-01-30,14802,10841,1072,359
2105,2022-01-31,690,446,88,22
2106,2022-02-01,5282,4532,2849,236
2107,2022-02-02,5498,3929,355,132
2108,2022-02-03,6919,5284,723,194
2109,2022-02-04,2540,1664,204,60
2110,2022-02-05,6837,5169,154,503
2111,2022-02-06,12709,9274,97,550
2112,2022-02-07,0,0,0,0
2113,2022-02-08,244,158,78,11
2114,2022-02-09,7143,5220,4134,230
2115,2022-02-10,18940,14269,245,487
2116,2022-02-11,23866,16846,180,861
2117,2022-02-12,1624,1059,212,38
2118,2022-02-13,4161,3001,129,105
2119,2022-02-14,7561,5543,279,202
2120,2022-02-15,6823,4926,3793,241
2121,2022-02-16,12381,8549,683,284
2122,2022-02-17,10485,7737,395,273
2123,2022-02-18,1182,764,133,30
2124,2022-02-19,438,283,88,15
2125,2022-02-20,3228,2090,1791,135
2126,2022-02-21,30821,23125,782,797
2127,2022-02-22,14603,9955,514,331
2128,2022-02-23,2665,1907,141,70
2129,2022-02-24,2297,1520,192,51
2130,2022-02-25,18123,12706,522,778
2131,2022-02-26,2918,2227,1711,112
2132,2022-02-27,10266,7003,447,238
2133,2022-02-28,1999,1314,88,44
2134,2022-03-01,21969,16240,263,538
2135,2022-03-02,11302,8329,307,285
2136,2022-03-03,9611,6787,386,228
2137,2022-03-04,3042,1982,1689,128
2138,2022-03-05,82,53,28,5
2139,2022-03-06,30526,22261,497,722
2140,2022-03-07,4952,3567,222,130
2141,2022-03-08,8028,5921,305,216
2142,2022-03-09,14753,10554,1575,652
2143,2022-03-10,9921,6809,735,235
2144,2022-03-11,6893,4937,443,165
2145,2022-03-12,1072,733,107,32
2146,2022-03-13,9142,6742,0,469
2147,2022-03-14,5096,4035,100,143
2148,2022-03-15,9711,6932,531,240
2149,2022-03-16,5275,3563,423,122
2150,2022-03-17,998,645,128,27
2151,2022-03-18,2831,1964,121,70
2152,2022-03-19,30013,21454,0,1051
2153,2022-03-20,8896,6482,353,231
2154,2022-03-21,8259,5957,309,213
2155,2022-03-22,8287,6277,141,216
2156,2022-03-23,3896,2551,293,88
2157,2022-03-24,689,445,98,19
2158,2022-03-25,1830,1294,187,54
2159,2022-03-26,2626,1823,198,68
2160,2022-03-27,6497,4735,3727,228
2161,2022-03-28,3725,2816,196,106
2162,2022-03-29,25294,18336,538,604
2163,2022-03-30,2485,1731,126,67
2164,2022-03-31,10511,7735,140,256
2165,2022-04-01,14748,10758,1452,646
2166,2022-04-02,756,489,66,22
2167,2022-04-03,1219,873,37,30
2168,2022-04-04,11018,7738,604,272
2169,2022-04-05,11295,8629,595,313
2170,2022-04-06,10440,7244,144,227
2171,2022-04-07,6081,4453,211,155
2172,2022-04-08,13815,10971,2953,466
2173,2022-04-09,5008,3464,2862,188
2174,2022-04-10,1922,1242,1105,121
2175,2022-04-11,5886,4299,161,155
2176,2022-04-12,10025,7411,444,260
2177,2022-04-13,14087,10107,576,350
2178,2022-04-14,5291,3518,234,333
2179,2022-04-15,4624,3152,259,108
2180,2022-04-16,18335,12720,1400,428
2181,2022-04-17,434,281,65,13
2182,2022-04-18,9386,6471,504,217
2183,2022-04-19,0,0,0,0
2184,2022-04-20,11653,8175,419,278
2185,2022-04-21,3755,2918,0,187
2186,2022-04-22,10161,7207,513,260
2187,2022-04-23,14097,9913,2044,333
2188,2022-04-24,19781,14387,2499,833
2189,2022-04-25,7922,5991,105,200
2190,2022-04-26,6456,4767,340,177
2191,2022-04-27,224,145,76,11
2192,2022-04-28,29767,21943,377,720
2193,2022-04-29,26821,19238,14496,719
2194,2022-04-30,8483,6228,601,215
2195,2022-05-01,10635,7754,62,248
2196,2022-05-02,27529,20860,15419,748
2197,2022-05-03,13192,9757,1242,340
2198,2022-05-04,5154,3692,2910,188
2199,2022-05-05,23288,15536,343,465
2200,2022-05-06,2144,1490,282,155
2201,2022-05-07,8686,6232,4836,302
2202,2022-05-08,2290,1641,120,61
2203,2022-05-09,14445,10497,230,350
2204,2022-05-10,635,410,97,18
2205,2022-05-11,2940,2190,65,81
2206,2022-05-12,5896,3947,0,311
2207,2022-05-13,5040,4044,15,137
2208,2022-05-14,9974,6755,759,225
2209,2022-05-15,7753,5739,406,207
2210,2022-05-16,2902,1919,212,67
2211,2022-05-17,361,233,57,12
2212,2022-05-18,15384,10372,712,338
2213,2022-05-19,12201,8439,502,283
2214,2022-05-20,24190,17544,13284,684
2215,2022-05-21,9230,6376,1756,214
2216,2022-05-22,11668,8030,52,250
2217,2022-05-23,10567,7994,406,296
2218,2022-05-24,2538,1778,199,78
2219,2022-05-25,4948,3242,46,281
2220,2022-05-26,22662,16990,658,571
2221,2022-05-27,5036,3519,492,125
2222,2022-05-28,31246,23121,409,744
2223,2022-05-29,8974,6308,641,221
2224,2022-05-30,4788,3462,206,124
2225,2022-05-31,3750,2637,178,101
2226,2022-06-01,18877,14055,1281,478
2227,2022-06-02,1473,1017,147,36
2228,2022-06-03,3952,2588,2252,198
2229,2022-06-04,7919,5520,630,189
2230,2022-06-05,4217,2911,277,104
2231,2022-06-06,9756,6700,619,220
2232,2022-06-07,18389,13449,590,452
2233,2022-06-08,1954,1296,93,44
2234,2022-06-09,9528,6540,717,220
2235,2022-06-10,2335,1659,146,58
2236,2022-06-11,307,198,64,11
2237,2022-06-12,14818,9725,1040,305
2238,2022-06-13,3591,2482,268,86
2239,2022-06-14,5762,4050,423,133
2240,2022-06-15,4985,3603,309,128
2241,2022-06-16,3154,2159,55,206
2242,2022-06-17,1318,920,23,30
2243,2022-06-18,4499,2980,0,229
2244,2022-06-19,10128,7026,578,240
2245,2022-06-20,3540,2430,51,87
2246,2022-06-21,25973,19102,749,638
2247,2022-06-22,14331,10880,491,384
2248,2022-06-23,5107,3647,124,255
2249,2022-06-24,6907,4931,3961,323
2250,2022-06-25,3272,2461,163,99
2251,2022-06-26,5685,4364,241,153
2252,2022-06-27,2830,1879,157,69
2253,2022-06-28,8624,5939,487,207
2254,2022-06-29,1759,1137,234,48
2255,2022-06-30,4097,2688,221,90
2256,2022-07-01,8192,5900,4632,547
2257,2022-07-02,2837,1868,248,69
2258,2022-07-03,19051,13334,98,414
2259,2022-07-04,3648,2593,216,98
2260,2022-07-05,20480,14344,154,454
2261,2022-07-06,7144,4829,620,174
2262,2022-07-07,5318,3703,497,138
2263,2022-07-08,10059,7309,167,237
2264,2022-07-09,21917,16428,793,595
2265,2022-07-10,1186,767,608,84
2266,2022-07-11,8123,6716,3064,310
2267,2022-07-12,9390,7169,113,255
2268,2022-07-13,4167,2905,2188,164
2269,2022-07-14,5276,4091,157,142
2270,2022-07-15,14434,10803,515,373
2271,2022-07-16,414,268,70,13
2272,2022-07-17,1969,1370,153,60
2273,2022-07-18,18771,13743,371,444
2274,2022-07-19,430,278,89,15
2275,2022-07-20,9869,6884,510,236
2276,2022-07-21,6691,4824,241,166
2277,2022-07-22,14193,10509,7958,664
2278,2022-07-23,3732,2563,301,94
2279,2022-07-24,2599,1870,180,66
2280,2022-07-25,480,310,110,21
2281,2022-07-26,0,0,0,0
2282,2022-07-27,4684,3431,218,122
2283,2022-07-28,8798,6543,5046,270
2284,2022-07-29,1256,902,170,46
2285,2022-07-30,844,546,94,23
2286,2022-07-31,10160,7749,181,259
2287,2022-08-01,4049,2627,2237,197
2288,2022-08-02,38443,29485,21952,1013
2289,2022-08-03,23500,15989,250,495
2290,2022-08-04,8849,6201,4883,524
2291,2022-08-05,4088,3119,0,197
2292,2022-08-06,20166,14429,3719,502
2293,2022-08-07,13480,9480,183,297
2294,2022-08-08,15170,11338,2080,407
2295,2022-08-09,9909,7053,981,261
2296,2022-08-10,1019,751,7,25
2297,2022-08-11,6885,4703,641,166
2298,2022-08-12,1172,819,46,29
2299,2022-08-13,3614,2482,254,288
2300,2022-08-14,4339,2961,219,109
2301,2022-08-15,16795,11847,109,652
2302,2022-08-16,9849,7350,114,264
2303,2022-08-17,13100,9178,778,325
2304,2022-08-18,2155,1421,165,207
2305,2022-08-19,16760,12007,222,377
2306,2022-08-20,8784,6590,367,242
2307,2022-08-21,3858,2685,334,98
2308,2022-08-22,16882,11759,172,379
2309,2022-08-23,8873,6766,169,243
2310,2022-08-24,1280,912,24,33
2311,2022-08-25,7254,4941,680,165
2312,2022-08-26,3407,2422,198,86
2313,2022-08-27,4923,3500,284,116
2314,2022-08-28,6830,4886,619,180
2315,2022-08-29,14931,11065,463,676
2316,2022-08-30,7744,5073,193,161
2317,2022-08-31,4981,3380,2744,170
2318,2022-09-01,3429,2396,437,94
2319,2022-09-02,13106,9558,503,578
2320,2022-09-03,34543,24523,289,784
2321,2022-09-04,17349,12315,9440,505
2322,2022-09-05,11315,8189,423,269
2323,2022-09-06,10750,7361,71,254
2324,2022-09-07,6248,4641,177,168
2325,2022-09-08,16191,11283,310,806
2326,2022-09-09,1407,945,131,39
2327,2022-09-10,0,0,0,0
2328,2022-09-11,9923,6825,826,227
2329,2022-09-12,5548,4121,258,156
2330,2022-09-13,11770,8287,770,282
2331,2022-09-14,2290,1610,244,222
2332,2022-09-15,1402,1005,140,45
2333,2022-09-16,2019,1363,161,51
2334,2022-09-17,2677,1793,321,75
2335,2022-09-18,17736,12438,754,790
2336,2022-09-19,2718,1831,180,61
2337,2022-09-20,8381,5971,370,206
2338,2022-09-21,11496,8240,550,284
2339,2022-09-22,11576,8656,2211,346
2340,2022-09-23,8249,6285,194,232
2341,2022-09-24,11196,7735,399,248
2342,2022-09-25,6952,4849,0,164
2343,2022-09-26,11047,7691,689,255
2344,2022-09-27,1904,1231,1069,106
2345,2022-09-28,7416,5144,1034,181
2346,2022-09-29,4154,3072,102,104
2347,2022-09-30,8498,5924,764,203
2348,2022-10-01,37255,27868,421,894
2349,2022-10-02,12390,9318,523,328
2350,2022-10-03,12881,9560,536,340
2351,2022-10-04,2638,1725,1441,114
2352,2022-10-05,2149,1547,129,55
2353,2022-10-06,2485,1633,145,59
2354,2022-10-07,2340,1668,100,59
2355,2022-10-08,360,233,40,12
2356,2022-10-09,6900,4881,339,160
2357,2022-10-10,30265,21630,2662,1311
2358,2022-10-11,2462,1789,177,67
2359,2022-10-12,4844,4141,2675,225
2360,2022-10-13,21101,14760,53,889
2361,2022-10-14,3092,2066,170,67
2362,2022-10-15,11112,7763,972,281
2363,2022-10-16,1528,1067,101,47
2364,2022-10-17,1143,739,612,63
2365,2022-10-18,17824,13232,83,678
2366,2022-10-19,10034,6862,875,232
2367,2022-10-20,17737,12751,455,408
2368,2022-10-21,10807,7710,5995,552
2369,2022-10-22,23829,17416,859,582
2370,2022-10-23,6624,5766,3451,281
2371,2022-10-24,451,292,65,13
2372,2022-10-25,8889,6296,256,207
2373,2022-10-26,2589,1692,1419,119
2374,2022-10-27,3461,2245,1953,186
2375,2022-10-28,12326,8983,724,324
2376,2022-10-29,14565,11022,55,616
2377,2022-10-30,10551,7277,665,249
2378,2022-10-31,7299,6198,4309,326
2379,2022-11-01,10085,7819,138,266
2380,2022-11-02,9365,6629,418,230
2381,2022-11-03,5846,3899,454,131
2382,2022-11-04,3744,2557,247,96
2383,2022-11-05,23665,17251,1190,559
2384,2022-11-06,1992,1327,164,51
2385,2022-11-07,3382,2374,238,87
2386,2022-11-08,11182,7499,780,244
2387,2022-11-09,8584,6164,271,219
2388,2022-11-10,6737,4961,266,187
2389,2022-11-11,14590,10393,8275,466
2390,2022-11-12,1522,1071,157,51
2391,2022-11-13,14137,10283,514,352
2392,2022-11-14,10440,7407,1935,252
2393,2022-11-15,6493,5115,126,180
2394,2022-11-16,3244,2237,223,78
2395,2022-11-17,1545,1089,899,75
2396,2022-11-18,13392,9804,521,352
2397,2022-11-19,3409,2267,278,90
2398,2022-11-20,12988,9305,906,318
2399,2022-11-21,11157,8228,707,285
2400,2022-11-22,20143,14325,530,857
2401,2022-11-23,1110,717,94,28
2402,2022-11-24,25981,19105,247,652
2403,2022-11-25,23412,16717,509,547
2404,2022-11-26,3169,2183,0,83
2405,2022-11-27,11609,8222,350,284
2406,2022-11-28,12045,9011,393,553
2407,2022-11-29,6041,4535,597,163
2408,2022-11-30,6923,4708,3735,246
2409,2022-12-01,8055,5862,739,213
2410,2022-12-02,10457,7850,173,272
2411,2022-12-03,3299,2291,0,83
2412,2022-12-04,9019,6393,4938,381
2413,2022-12-05,4059,2766,2268,155
2414,2022-12-06,11570,8306,463,299
2415,2022-12-07,3043,2002,205,67
2416,2022-12-08,895,579,117,31
2417,2022-12-09,11300,7683,913,256
2418,2022-12-10,14171,9976,171,585
2419,2022-12-11,20192,14535,411,482
2420,2022-12-12,1745,1211,148,49
2421,2022-12-13,3939,2812,143,100
2422,2022-12-14,7132,5516,1538,227
2423,2022-12-15,7053,5149,581,352
2424,2022-12-16,5834,3930,509,134
2425,2022-12-17,10176,7529,357,272
2426,2022-12-18,1154,755,0,28
2427,2022-12-19,16949,12268,273,401
2428,2022-12-20,10366,7058,878,244
2429,2022-12-21,14737,10940,173,360
2430,2022-12-22,8962,6164,788,213
2431,2022-12-23,420,271,131,20
2432,2022-12-24,7069,5119,307,184
2433,2022-12-25,24664,17427,13245,662
2434,2022-12-26,6838,4502,405,144
2435,2022-12-27,4327,2898,514,105
2436,2022-12-28,7272,5144,293,181
2437,2022-12-29,7598,5531,4379,261
2438,2022-12-30,19909,14723,446,487
2439,2022-12-31,9698,6606,556,221
2440,2023-01-01,26795,20174,475,1124
2441,2023-01-02,7638,5560,118,188
2442,2023-01-03,6853,4882,351,166
2443,2023-01-04,6313,5047,1234,197
2444,2023-01-05,6368,4459,3442,201
2445,2023-01-06,8545,6417,4912,289
2446,2023-01-07,7475,5685,170,206
2447,2023-01-08,3680,2691,181,104
2448,2023-01-09,866,560,107,25
2449,2023-01-10,27038,19214,194,1160
2450,2023-01-11,3093,2343,220,91
2451,2023-01-12,774,500,121,23
2452,2023-01-13,5956,4182,389,145
2453,2023-01-14,9077,6273,395,218
